make,model,vehicle_class,cylinders,displacement,drive,tran_type,fuel_type,combMPG
0.7424636818940088,-0.3304024466178009,0.37752706604851904,-1.2582459259711638,-0.9537665494372024,-0.10862379580321196,-0.4639152846203149,0.8935385276592446,23.5
0.7424636818940088,-0.3304024466178009,0.37752706604851904,-0.0681283750102829,0.06998561294046149,-0.10862379580321196,-0.4639152846203149,-0.8498752139167336,20.0
-1.334453072962126,-1.8002536349935694,0.37752706604851904,-0.0681283750102829,-0.5150156227039178,1.0819782013339538,-0.4639152846203149,-0.8498752139167336,22.0
-1.334453072962126,-1.8002536349935694,0.37752706604851904,-0.0681283750102829,-0.5150156227039178,1.0819782013339538,2.1555659689428777,-0.8498752139167336,22.5
-1.334453072962126,-1.7839219551227274,0.37752706604851904,-0.0681283750102829,-0.5150156227039178,1.0819782013339538,-0.4639152846203149,-0.8498752139167336,23.0
-1.334453072962126,-1.7839219551227274,0.37752706604851904,-0.0681283750102829,-0.5150156227039178,1.0819782013339538,2.1555659689428777,-0.8498752139167336,22.5
-1.334453072962126,-1.7675902752518857,0.37752706604851904,-0.0681283750102829,-0.5150156227039178,1.0819782013339538,-0.4639152846203149,-0.8498752139167336,21.5
-1.334453072962126,-1.7675902752518857,0.37752706604851904,-0.0681283750102829,-0.5150156227039178,1.0819782013339538,2.1555659689428777,-0.8498752139167336,24.0
-1.334453072962126,-1.7512585953810438,0.37752706604851904,-0.0681283750102829,-0.5150156227039178,1.0819782013339538,-0.4639152846203149,-0.8498752139167336,21.5
-1.334453072962126,-1.7512585953810438,0.37752706604851904,-0.0681283750102829,-0.5150156227039178,1.0819782013339538,2.1555659689428777,-0.8498752139167336,23.0
-1.334453072962126,-1.4246249979642063,-1.5765250628507594,1.121989175950598,0.5087365396737464,1.0819782013339538,-0.4639152846203149,-0.8498752139167336,19.0
-1.334453072962126,-1.4246249979642063,-1.5765250628507594,1.121989175950598,0.5087365396737464,1.0819782013339538,2.1555659689428777,-0.8498752139167336,18.5
-0.2959946955340586,0.5678399462785021,0.37752706604851904,-0.0681283750102829,-0.0031395415150856807,1.0819782013339538,-0.4639152846203149,0.8935385276592446,24.5
-0.2959946955340586,0.5678399462785021,0.37752706604851904,-0.0681283750102829,-0.0031395415150856807,1.0819782013339538,2.1555659689428777,0.8935385276592446,23.5
-0.2959946955340586,0.5678399462785021,0.37752706604851904,1.121989175950598,0.9474874664070307,1.0819782013339538,-0.4639152846203149,0.8935385276592446,21.5
-0.2959946955340586,0.5678399462785021,0.37752706604851904,1.121989175950598,0.9474874664070307,1.0819782013339538,2.1555659689428777,0.8935385276592446,21.5
-0.2959946955340586,0.5678399462785021,0.37752706604851904,1.121989175950598,1.2399880842292206,1.0819782013339538,2.1555659689428777,-0.8498752139167336,19.0
-0.2959946955340586,0.5841716261493439,0.37752706604851904,-0.0681283750102829,-0.0031395415150856807,1.0819782013339538,-0.4639152846203149,0.8935385276592446,24.0
0.7424636818940088,-0.34673412648864277,0.37752706604851904,-1.2582459259711638,-0.9537665494372024,-0.10862379580321196,-0.4639152846203149,0.8935385276592446,24.0
0.7424636818940088,-0.34673412648864277,0.37752706604851904,-1.2582459259711638,-0.9537665494372024,-0.10862379580321196,2.1555659689428777,0.8935385276592446,23.5
0.7424636818940088,-0.34673412648864277,0.37752706604851904,-0.0681283750102829,0.06998561294046149,-0.10862379580321196,-0.4639152846203149,-0.8498752139167336,21.0
1.0886164743700313,0.1432162696366134,0.37752706604851904,-0.0681283750102829,0.06998561294046149,-1.2992257929403779,-0.4639152846203149,-0.8498752139167336,19.5
1.7809220593220765,-1.1633181200307363,0.37752706604851904,-1.2582459259711638,-1.2462671672593921,-0.10862379580321196,-0.4639152846203149,-0.8498752139167336,26.0
1.7809220593220765,-1.1633181200307363,0.37752706604851904,-0.6631871504907233,-0.880641394981655,-0.10862379580321196,-0.4639152846203149,0.8935385276592446,25.5
1.7809220593220765,-0.29773908687611716,0.37752706604851904,-1.2582459259711638,-1.2462671672593921,-0.10862379580321196,-0.4639152846203149,-0.8498752139167336,26.0
-0.2959946955340586,-0.0037688492009634376,-1.5765250628507594,-1.2582459259711638,-1.2462671672593921,-0.10862379580321196,-0.4639152846203149,0.8935385276592446,32.0
-0.2959946955340586,-0.0037688492009634376,-1.5765250628507594,-1.2582459259711638,-1.2462671672593921,-0.10862379580321196,-0.4639152846203149,0.8935385276592446,31.5
-0.2959946955340586,-0.0037688492009634376,-1.5765250628507594,-1.2582459259711638,-1.2462671672593921,-0.10862379580321196,2.1555659689428777,0.8935385276592446,30.5
-0.2959946955340586,-0.0037688492009634376,-1.5765250628507594,-1.2582459259711638,-1.2462671672593921,-0.10862379580321196,-0.4639152846203149,0.8935385276592446,33.5
1.7809220593220765,-1.0163330011931595,-1.5765250628507594,-1.2582459259711638,-1.2462671672593921,-0.10862379580321196,-0.4639152846203149,-0.8498752139167336,26.5
1.7809220593220765,-1.0163330011931595,-1.5765250628507594,-1.2582459259711638,-1.2462671672593921,-0.10862379580321196,2.1555659689428777,-0.8498752139167336,26.0
1.7809220593220765,-1.0000013213223176,-1.5765250628507594,-0.0681283750102829,-0.07626469597063316,-1.2992257929403779,-0.4639152846203149,-0.8498752139167336,21.0
1.7809220593220765,0.19221130924913904,-1.5765250628507594,-0.6631871504907233,-0.880641394981655,-0.10862379580321196,-0.4639152846203149,0.8935385276592446,27.5
1.7809220593220765,0.19221130924913904,-1.5765250628507594,-0.6631871504907233,-0.880641394981655,-0.10862379580321196,2.1555659689428777,0.8935385276592446,28.0
1.7809220593220765,0.1595479495074553,-1.5765250628507594,-1.2582459259711638,-1.2462671672593921,-0.10862379580321196,-0.4639152846203149,-0.8498752139167336,28.5
1.7809220593220765,0.1595479495074553,-1.5765250628507594,-1.2582459259711638,-1.2462671672593921,-0.10862379580321196,2.1555659689428777,-0.8498752139167336,26.0
1.7809220593220765,0.2738697086033484,-1.5765250628507594,-1.2582459259711638,-1.2462671672593921,-0.10862379580321196,-0.4639152846203149,-0.8498752139167336,28.0
1.7809220593220765,0.2738697086033484,-1.5765250628507594,-1.2582459259711638,-1.2462671672593921,-0.10862379580321196,2.1555659689428777,-0.8498752139167336,27.5
1.7809220593220765,0.2738697086033484,-1.5765250628507594,-0.6631871504907233,-0.880641394981655,-0.10862379580321196,-0.4639152846203149,0.8935385276592446,27.5
1.7809220593220765,0.2738697086033484,-1.5765250628507594,-0.6631871504907233,-0.880641394981655,-0.10862379580321196,2.1555659689428777,0.8935385276592446,28.0
-1.334453072962126,-1.3756299583516807,-0.18077354220841768,-0.0681283750102829,-0.5150156227039178,1.0819782013339538,-0.4639152846203149,-0.8498752139167336,21.0
-1.334453072962126,-1.3919616382225226,-0.18077354220841768,-0.0681283750102829,-0.5150156227039178,1.0819782013339538,-0.4639152846203149,-0.8498752139167336,21.0
-1.334453072962126,-1.342966598609997,-0.18077354220841768,1.121989175950598,0.5087365396737464,1.0819782013339538,-0.4639152846203149,-0.8498752139167336,18.5
-1.334453072962126,-1.342966598609997,-0.18077354220841768,1.121989175950598,0.5087365396737464,-1.2992257929403779,-0.4639152846203149,-0.8498752139167336,17.0
-1.334453072962126,-1.359298278480839,-0.18077354220841768,1.121989175950598,0.5087365396737464,1.0819782013339538,-0.4639152846203149,-0.8498752139167336,18.0
-1.334453072962126,-1.359298278480839,-0.18077354220841768,1.121989175950598,0.5087365396737464,-1.2992257929403779,-0.4639152846203149,-0.8498752139167336,17.0
-1.334453072962126,-1.2939715589974714,-0.18077354220841768,1.121989175950598,0.5087365396737464,1.0819782013339538,-0.4639152846203149,-0.8498752139167336,18.0
-1.334453072962126,-1.2939715589974714,-0.18077354220841768,1.121989175950598,0.5087365396737464,-1.2992257929403779,-0.4639152846203149,-0.8498752139167336,17.0
-1.334453072962126,-1.2776398791266295,-0.18077354220841768,1.121989175950598,0.5087365396737464,1.0819782013339538,-0.4639152846203149,-0.8498752139167336,18.0
-1.334453072962126,-1.2776398791266295,-0.18077354220841768,1.121989175950598,0.5087365396737464,-1.2992257929403779,-0.4639152846203149,-0.8498752139167336,17.0
1.7809220593220765,0.29020138847419025,1.773278586690861,-0.6631871504907233,-0.880641394981655,-0.10862379580321196,-0.4639152846203149,0.8935385276592446,27.5
1.7809220593220765,0.29020138847419025,1.773278586690861,-0.6631871504907233,-0.880641394981655,-0.10862379580321196,2.1555659689428777,0.8935385276592446,28.0
-0.9883002804861035,-0.7060310836471639,-1.0182244545938228,-1.2582459259711638,-0.5881407771594652,1.0819782013339538,-0.4639152846203149,0.8935385276592446,21.0
-0.9883002804861035,-0.7060310836471639,-1.0182244545938228,-1.2582459259711638,-0.5881407771594652,1.0819782013339538,2.1555659689428777,0.8935385276592446,21.5
-0.9883002804861035,-0.7060310836471639,-1.0182244545938228,1.121989175950598,1.1668629297736728,1.0819782013339538,-0.4639152846203149,0.8935385276592446,17.5
-0.9883002804861035,-0.6733677239054802,-1.0182244545938228,-1.2582459259711638,-0.5881407771594652,1.0819782013339538,-0.4639152846203149,0.8935385276592446,21.0
-0.9883002804861035,-0.6733677239054802,-1.0182244545938228,-1.2582459259711638,-0.5881407771594652,1.0819782013339538,2.1555659689428777,0.8935385276592446,21.5
-0.9883002804861035,-0.6733677239054802,-1.0182244545938228,1.121989175950598,1.1668629297736728,1.0819782013339538,-0.4639152846203149,0.8935385276592446,17.5
0.05015809694196388,-0.8366845226138989,-1.0182244545938228,-1.2582459259711638,-0.5881407771594652,1.0819782013339538,-0.4639152846203149,0.8935385276592446,21.0
0.05015809694196388,-0.8366845226138989,-1.0182244545938228,-1.2582459259711638,-0.5881407771594652,1.0819782013339538,2.1555659689428777,0.8935385276592446,21.5
0.05015809694196388,-0.8366845226138989,-1.0182244545938228,1.121989175950598,1.1668629297736728,1.0819782013339538,-0.4639152846203149,0.8935385276592446,17.5
0.05015809694196388,-0.8040211628722151,-1.0182244545938228,-1.2582459259711638,-0.5881407771594652,1.0819782013339538,-0.4639152846203149,0.8935385276592446,21.0
0.05015809694196388,-0.8040211628722151,-1.0182244545938228,-1.2582459259711638,-0.5881407771594652,1.0819782013339538,2.1555659689428777,0.8935385276592446,21.5
0.05015809694196388,-0.8040211628722151,-1.0182244545938228,1.121989175950598,1.1668629297736728,1.0819782013339538,-0.4639152846203149,0.8935385276592446,17.5
-0.9883002804861035,-0.7060310836471639,-1.0182244545938228,-1.2582459259711638,-0.5881407771594652,-1.2992257929403779,-0.4639152846203149,0.8935385276592446,20.0
-0.9883002804861035,-0.7060310836471639,-1.0182244545938228,-1.2582459259711638,-0.5881407771594652,-1.2992257929403779,2.1555659689428777,0.8935385276592446,21.0
-0.9883002804861035,-0.7060310836471639,-1.0182244545938228,1.121989175950598,1.1668629297736728,-1.2992257929403779,-0.4639152846203149,0.8935385276592446,16.5
-0.9883002804861035,-0.6733677239054802,-1.0182244545938228,1.121989175950598,1.1668629297736728,-1.2992257929403779,-0.4639152846203149,0.8935385276592446,16.5
0.05015809694196388,-0.8366845226138989,-1.0182244545938228,-1.2582459259711638,-0.5881407771594652,-1.2992257929403779,-0.4639152846203149,0.8935385276592446,20.0
0.05015809694196388,-0.8366845226138989,-1.0182244545938228,-1.2582459259711638,-0.5881407771594652,-1.2992257929403779,2.1555659689428777,0.8935385276592446,21.0
0.05015809694196388,-0.8366845226138989,-1.0182244545938228,1.121989175950598,1.1668629297736728,-1.2992257929403779,-0.4639152846203149,0.8935385276592446,16.5
0.05015809694196388,-0.8040211628722151,-1.0182244545938228,1.121989175950598,1.1668629297736728,-1.2992257929403779,-0.4639152846203149,0.8935385276592446,16.5
-0.9883002804861035,-0.2160806875219078,1.214977978433924,1.121989175950598,1.1668629297736728,1.0819782013339538,-0.4639152846203149,0.02183165687125549,15.5
-0.9883002804861035,-0.1997490076510659,1.214977978433924,1.121989175950598,1.1668629297736728,1.0819782013339538,-0.4639152846203149,0.02183165687125549,15.0
-0.9883002804861035,-0.2160806875219078,1.214977978433924,1.121989175950598,1.1668629297736728,-1.2992257929403779,-0.4639152846203149,0.02183165687125549,15.0
-0.9883002804861035,-0.1997490076510659,1.214977978433924,1.121989175950598,1.1668629297736728,-1.2992257929403779,-0.4639152846203149,0.02183165687125549,15.0
0.05015809694196388,0.959800263178707,1.214977978433924,1.121989175950598,1.1668629297736728,1.0819782013339538,-0.4639152846203149,0.02183165687125549,15.5
0.05015809694196388,0.9924636229203908,1.214977978433924,1.121989175950598,1.1668629297736728,1.0819782013339538,-0.4639152846203149,0.02183165687125549,15.0
0.05015809694196388,0.959800263178707,1.214977978433924,1.121989175950598,1.1668629297736728,-1.2992257929403779,-0.4639152846203149,0.02183165687125549,15.0
0.05015809694196388,0.9924636229203908,1.214977978433924,1.121989175950598,1.1668629297736728,-1.2992257929403779,-0.4639152846203149,0.02183165687125549,15.0
-0.9883002804861035,-0.18341732778022404,1.214977978433924,1.121989175950598,1.1668629297736728,1.0819782013339538,-0.4639152846203149,0.02183165687125549,15.0
-0.9883002804861035,-0.18341732778022404,1.214977978433924,1.121989175950598,1.1668629297736728,-1.2992257929403779,-0.4639152846203149,0.02183165687125549,15.0
0.05015809694196388,0.9761319430495489,1.214977978433924,1.121989175950598,1.1668629297736728,1.0819782013339538,-0.4639152846203149,0.02183165687125549,15.0
0.05015809694196388,0.9761319430495489,1.214977978433924,1.121989175950598,1.1668629297736728,-1.2992257929403779,-0.4639152846203149,0.02183165687125549,15.0
-1.334453072962126,1.5477407385290145,0.6566773701769875,-0.0681283750102829,-0.5150156227039178,-1.2992257929403779,-0.4639152846203149,-0.8498752139167336,19.5
-1.334453072962126,1.5640724183998562,0.6566773701769875,1.121989175950598,0.5087365396737464,-1.2992257929403779,-0.4639152846203149,-0.8498752139167336,17.0
-1.334453072962126,1.5804040982706982,0.6566773701769875,1.121989175950598,0.5087365396737464,-1.2992257929403779,-0.4639152846203149,-0.8498752139167336,14.5
-1.334453072962126,1.59673577814154,0.6566773701769875,-0.0681283750102829,-0.5150156227039178,-1.2992257929403779,-0.4639152846203149,-0.8498752139167336,19.5
-1.334453072962126,1.6130674580123818,0.6566773701769875,1.121989175950598,0.5087365396737464,-1.2992257929403779,-0.4639152846203149,-0.8498752139167336,17.0
-1.334453072962126,1.6293991378832238,0.6566773701769875,1.121989175950598,0.5087365396737464,-1.2992257929403779,-0.4639152846203149,-0.8498752139167336,14.5
1.7809220593220765,1.3844239398205958,0.6566773701769875,-0.0681283750102829,-0.5150156227039178,-1.2992257929403779,-0.4639152846203149,-3.464995826280701,22.5
-0.9883002804861035,-0.6080410044221127,-0.7390741504653544,-1.2582459259711638,-1.6850180939926767,-0.10862379580321196,-0.4639152846203149,0.8935385276592446,32.0
-0.9883002804861035,-0.6407043641637965,-1.2973747587222912,1.121989175950598,1.8249893198736,1.0819782013339538,-0.4639152846203149,0.8935385276592446,19.5
-0.9883002804861035,-0.6407043641637965,-1.2973747587222912,1.121989175950598,1.8249893198736,1.0819782013339538,2.1555659689428777,0.8935385276592446,20.5
-0.9883002804861035,-0.6407043641637965,-1.2973747587222912,1.121989175950598,1.8249893198736,1.0819782013339538,2.1555659689428777,-0.8498752139167336,17.5
-0.9883002804861035,-0.6407043641637965,-1.2973747587222912,1.121989175950598,2.4099905555179792,1.0819782013339538,2.1555659689428777,-0.8498752139167336,19.5
0.39631088941798637,0.8454785040828139,-1.2973747587222912,1.121989175950598,1.313113238684768,1.0819782013339538,-0.4639152846203149,-0.8498752139167336,18.0
0.39631088941798637,0.8618101839536558,-1.2973747587222912,1.121989175950598,1.8249893198736,1.0819782013339538,-0.4639152846203149,-0.8498752139167336,15.5
0.39631088941798637,0.9271369034370233,-1.2973747587222912,1.121989175950598,1.8249893198736,1.0819782013339538,-0.4639152846203149,-0.8498752139167336,17.0
1.0886164743700313,-1.2449765193849458,0.37752706604851904,-1.2582459259711638,-0.880641394981655,-0.10862379580321196,-0.4639152846203149,0.8935385276592446,27.0
1.0886164743700313,-1.2449765193849458,0.37752706604851904,-1.2582459259711638,-0.880641394981655,-0.10862379580321196,2.1555659689428777,0.8935385276592446,27.0
1.0886164743700313,-1.2449765193849458,0.37752706604851904,-0.0681283750102829,-0.14938985042618066,-0.10862379580321196,-0.4639152846203149,0.8935385276592446,23.5
-0.9883002804861035,-0.8693478823555827,-1.5765250628507594,-0.0681283750102829,-0.07626469597063316,1.0819782013339538,-0.4639152846203149,0.8935385276592446,23.0
-0.9883002804861035,-0.8693478823555827,-1.5765250628507594,1.121989175950598,1.8249893198736,1.0819782013339538,2.1555659689428777,0.8935385276592446,20.0
-0.9883002804861035,-0.8693478823555827,-1.5765250628507594,1.121989175950598,1.8249893198736,1.0819782013339538,-0.4639152846203149,0.8935385276592446,19.5
-0.9883002804861035,-0.8693478823555827,-1.5765250628507594,-0.0681283750102829,-0.07626469597063316,1.0819782013339538,-0.4639152846203149,0.8935385276592446,24.0
-0.9883002804861035,-0.8693478823555827,-1.5765250628507594,-0.0681283750102829,-0.07626469597063316,1.0819782013339538,2.1555659689428777,0.8935385276592446,22.0
-0.9883002804861035,-0.6243726842929546,-0.7390741504653544,-1.2582459259711638,-1.6850180939926767,-0.10862379580321196,-0.4639152846203149,0.8935385276592446,31.0
-0.9883002804861035,-0.6243726842929546,-0.7390741504653544,-1.2582459259711638,-1.3925174761704868,-0.10862379580321196,-0.4639152846203149,0.8935385276592446,28.0
-0.9883002804861035,-0.6243726842929546,-0.7390741504653544,-1.2582459259711638,-1.6850180939926767,-0.10862379580321196,2.1555659689428777,0.8935385276592446,31.5
-0.9883002804861035,-0.6243726842929546,-0.7390741504653544,-1.2582459259711638,-1.3925174761704868,-0.10862379580321196,2.1555659689428777,0.8935385276592446,30.0
-0.9883002804861035,0.4861815469242927,-0.7390741504653544,-1.2582459259711638,-0.9537665494372024,-0.10862379580321196,-0.4639152846203149,0.8935385276592446,27.0
-0.9883002804861035,0.4861815469242927,-0.7390741504653544,-0.0681283750102829,-0.07626469597063316,-0.10862379580321196,-0.4639152846203149,0.8935385276592446,21.0
-0.9883002804861035,0.4861815469242927,-0.7390741504653544,-1.2582459259711638,-0.9537665494372024,-0.10862379580321196,-0.4639152846203149,0.02183165687125549,27.5
-0.9883002804861035,-0.6080410044221127,-0.7390741504653544,-1.2582459259711638,-1.6850180939926767,-0.10862379580321196,2.1555659689428777,0.8935385276592446,34.0
-0.642147488010081,-0.7550261232596895,-0.7390741504653544,1.121989175950598,1.971239628784695,1.0819782013339538,2.1555659689428777,-0.8498752139167336,18.5
-0.642147488010081,-1.1796497999015783,-0.7390741504653544,-1.2582459259711638,-0.9537665494372024,-0.10862379580321196,-0.4639152846203149,0.8935385276592446,25.0
-0.642147488010081,-1.1796497999015783,-0.7390741504653544,-1.2582459259711638,-0.9537665494372024,-0.10862379580321196,-0.4639152846203149,0.8935385276592446,25.0
-0.642147488010081,-1.1796497999015783,-0.7390741504653544,-0.0681283750102829,-0.07626469597063316,-0.10862379580321196,-0.4639152846203149,0.02183165687125549,23.5
-0.2959946955340586,0.028894510540720307,-0.7390741504653544,-1.2582459259711638,-0.880641394981655,-0.10862379580321196,2.1555659689428777,0.8935385276592446,25.0
-0.2959946955340586,0.028894510540720307,-0.7390741504653544,-0.0681283750102829,-0.14938985042618066,-1.2992257929403779,-0.4639152846203149,0.8935385276592446,20.5
-0.2959946955340586,0.028894510540720307,-0.7390741504653544,-0.0681283750102829,-0.5150156227039178,-1.2992257929403779,-0.4639152846203149,0.02183165687125549,21.5
-0.2959946955340586,0.04522619041156218,-0.7390741504653544,-1.2582459259711638,-0.880641394981655,-0.10862379580321196,2.1555659689428777,0.8935385276592446,26.5
-0.2959946955340586,0.028894510540720307,-0.7390741504653544,-1.2582459259711638,-0.880641394981655,-0.10862379580321196,-0.4639152846203149,0.8935385276592446,27.5
-0.2959946955340586,0.028894510540720307,-0.7390741504653544,-1.2582459259711638,-0.880641394981655,-0.10862379580321196,-0.4639152846203149,0.8935385276592446,25.5
-0.2959946955340586,0.028894510540720307,-0.7390741504653544,-0.0681283750102829,-0.14938985042618066,-0.10862379580321196,-0.4639152846203149,0.8935385276592446,22.5
-0.2959946955340586,0.028894510540720307,-0.7390741504653544,-0.0681283750102829,-0.5150156227039178,-0.10862379580321196,-0.4639152846203149,0.02183165687125549,24.0
1.0886164743700313,1.090453702145442,-0.7390741504653544,-1.2582459259711638,-1.2462671672593921,-0.10862379580321196,-0.4639152846203149,0.8935385276592446,30.0
1.0886164743700313,1.090453702145442,-0.7390741504653544,-1.2582459259711638,-1.2462671672593921,-0.10862379580321196,2.1555659689428777,0.8935385276592446,27.0
1.0886164743700313,1.090453702145442,-0.7390741504653544,-1.2582459259711638,-0.880641394981655,-0.10862379580321196,-0.4639152846203149,0.8935385276592446,26.5
1.0886164743700313,1.090453702145442,-0.7390741504653544,-1.2582459259711638,-0.880641394981655,-0.10862379580321196,2.1555659689428777,-0.8498752139167336,24.5
1.0886164743700313,-1.2613081992557875,-0.7390741504653544,-1.2582459259711638,-0.880641394981655,-0.10862379580321196,-0.4639152846203149,0.8935385276592446,27.5
1.0886164743700313,-1.2613081992557875,-0.7390741504653544,-0.0681283750102829,-0.14938985042618066,-0.10862379580321196,-0.4639152846203149,0.8935385276592446,23.5
-0.9883002804861035,0.25753802873250653,-0.18077354220841768,-0.0681283750102829,-0.07626469597063316,-0.10862379580321196,-0.4639152846203149,0.8935385276592446,23.5
-0.9883002804861035,0.25753802873250653,-0.18077354220841768,-0.0681283750102829,-0.07626469597063316,-0.10862379580321196,-0.4639152846203149,0.02183165687125549,23.5
-0.9883002804861035,-0.7060310836471639,-1.0182244545938228,-0.6631871504907233,-0.0031395415150856807,1.0819782013339538,-0.4639152846203149,0.8935385276592446,20.0
-0.9883002804861035,-0.6733677239054802,-1.0182244545938228,-0.6631871504907233,-0.0031395415150856807,1.0819782013339538,-0.4639152846203149,0.8935385276592446,20.0
-0.9883002804861035,-0.6896994037763221,-1.0182244545938228,-0.6631871504907233,-0.0031395415150856807,1.0819782013339538,-0.4639152846203149,0.8935385276592446,17.5
0.05015809694196388,-0.8366845226138989,-1.0182244545938228,-0.6631871504907233,-0.0031395415150856807,1.0819782013339538,-0.4639152846203149,0.8935385276592446,20.0
0.05015809694196388,-0.8203528427430571,-1.0182244545938228,-0.6631871504907233,-0.0031395415150856807,1.0819782013339538,-0.4639152846203149,0.8935385276592446,17.5
0.05015809694196388,-0.8040211628722151,-1.0182244545938228,-0.6631871504907233,-0.0031395415150856807,1.0819782013339538,-0.4639152846203149,0.8935385276592446,20.0
-0.9883002804861035,-0.7060310836471639,-1.0182244545938228,-0.6631871504907233,-0.0031395415150856807,-1.2992257929403779,-0.4639152846203149,0.8935385276592446,19.5
-0.9883002804861035,-0.6733677239054802,-1.0182244545938228,-0.6631871504907233,-0.0031395415150856807,-1.2992257929403779,-0.4639152846203149,0.8935385276592446,18.5
-0.9883002804861035,-0.6896994037763221,-1.0182244545938228,-0.6631871504907233,-0.0031395415150856807,-1.2992257929403779,-0.4639152846203149,0.8935385276592446,18.5
0.05015809694196388,-0.8366845226138989,-1.0182244545938228,-0.6631871504907233,-0.0031395415150856807,-1.2992257929403779,-0.4639152846203149,0.8935385276592446,20.0
0.05015809694196388,-0.8040211628722151,-1.0182244545938228,-0.6631871504907233,-0.0031395415150856807,-1.2992257929403779,-0.4639152846203149,0.8935385276592446,18.5
0.05015809694196388,-0.8203528427430571,-1.0182244545938228,-0.6631871504907233,-0.0031395415150856807,-1.2992257929403779,-0.4639152846203149,0.8935385276592446,18.5
-0.9883002804861035,1.1721121014996514,0.9358276743054558,1.121989175950598,1.1668629297736728,1.0819782013339538,-0.4639152846203149,0.02183165687125549,18.0
-0.9883002804861035,1.1721121014996514,0.9358276743054558,1.121989175950598,1.8249893198736,1.0819782013339538,-0.4639152846203149,0.02183165687125549,15.5
-0.9883002804861035,1.1721121014996514,0.9358276743054558,-0.0681283750102829,0.4356113852181986,1.0819782013339538,-0.4639152846203149,0.8935385276592446,17.5
-0.9883002804861035,1.1721121014996514,0.9358276743054558,1.121989175950598,0.8012371574959357,1.0819782013339538,-0.4639152846203149,0.02183165687125549,16.5
-0.9883002804861035,1.1721121014996514,0.9358276743054558,1.121989175950598,1.1668629297736728,1.0819782013339538,-0.4639152846203149,0.02183165687125549,18.5
-0.642147488010081,0.7148250651160789,0.9358276743054558,-0.0681283750102829,-0.0031395415150856807,1.0819782013339538,-0.4639152846203149,0.8935385276592446,17.0
-0.642147488010081,0.7148250651160789,0.9358276743054558,1.121989175950598,1.4593635475958628,1.0819782013339538,-0.4639152846203149,-2.593288955492712,17.0
0.05015809694196388,1.1394487417579677,0.9358276743054558,1.121989175950598,1.1668629297736728,1.0819782013339538,-0.4639152846203149,0.02183165687125549,18.5
0.05015809694196388,1.1394487417579677,0.9358276743054558,1.121989175950598,1.1668629297736728,1.0819782013339538,-0.4639152846203149,0.02183165687125549,18.0
0.05015809694196388,1.1394487417579677,0.9358276743054558,1.121989175950598,1.8249893198736,1.0819782013339538,-0.4639152846203149,0.02183165687125549,15.5
0.05015809694196388,1.1394487417579677,0.9358276743054558,-0.0681283750102829,0.4356113852181986,1.0819782013339538,-0.4639152846203149,0.8935385276592446,17.5
0.05015809694196388,1.1394487417579677,0.9358276743054558,1.121989175950598,0.8012371574959357,1.0819782013339538,-0.4639152846203149,0.02183165687125549,16.5
-0.9883002804861035,1.1884437813704933,0.9358276743054558,1.121989175950598,1.1668629297736728,-1.2992257929403779,-0.4639152846203149,0.02183165687125549,18.0
-0.9883002804861035,1.1884437813704933,0.9358276743054558,1.121989175950598,1.8249893198736,-1.2992257929403779,-0.4639152846203149,0.02183165687125549,15.0
-0.9883002804861035,1.1884437813704933,0.9358276743054558,-0.0681283750102829,0.4356113852181986,-1.2992257929403779,-0.4639152846203149,0.8935385276592446,16.0
-0.9883002804861035,1.1884437813704933,0.9358276743054558,1.121989175950598,0.8012371574959357,-1.2992257929403779,-0.4639152846203149,0.02183165687125549,15.5
-0.642147488010081,0.7148250651160789,0.9358276743054558,1.121989175950598,1.4593635475958628,-1.2992257929403779,-0.4639152846203149,-2.593288955492712,16.0
0.05015809694196388,1.1557804216288095,0.9358276743054558,1.121989175950598,1.1668629297736728,-1.2992257929403779,-0.4639152846203149,0.02183165687125549,18.0
0.05015809694196388,1.1557804216288095,0.9358276743054558,1.121989175950598,1.8249893198736,-1.2992257929403779,-0.4639152846203149,0.02183165687125549,15.0
0.05015809694196388,1.1557804216288095,0.9358276743054558,-0.0681283750102829,0.4356113852181986,-1.2992257929403779,-0.4639152846203149,0.8935385276592446,16.0
0.05015809694196388,1.1557804216288095,0.9358276743054558,1.121989175950598,0.8012371574959357,-1.2992257929403779,-0.4639152846203149,0.02183165687125549,15.5
0.05015809694196388,1.1557804216288095,0.9358276743054558,1.121989175950598,1.8249893198736,-1.2992257929403779,-0.4639152846203149,0.02183165687125549,15.0
-0.9883002804861035,-0.2160806875219078,1.214977978433924,-0.0681283750102829,0.4356113852181986,1.0819782013339538,-0.4639152846203149,0.8935385276592446,17.5
-0.2959946955340586,1.4007556196914377,0.09837676192005068,-1.2582459259711638,-1.2462671672593921,-0.10862379580321196,-0.4639152846203149,0.8935385276592446,24.0
0.05015809694196388,0.959800263178707,1.214977978433924,-0.0681283750102829,0.4356113852181986,1.0819782013339538,-0.4639152846203149,0.8935385276592446,17.5
-0.2959946955340586,1.4170872995622794,0.09837676192005068,-1.2582459259711638,-1.2462671672593921,-0.10862379580321196,-0.4639152846203149,0.8935385276592446,24.0
-0.642147488010081,0.22487466899082278,-0.45992384633688604,-0.0681283750102829,-0.07626469597063316,-0.10862379580321196,-0.4639152846203149,0.02183165687125549,21.0
1.7809220593220765,0.7474884248577627,-0.45992384633688604,-0.0681283750102829,-0.07626469597063316,-0.10862379580321196,-0.4639152846203149,0.02183165687125549,21.0
-0.9883002804861035,-0.2814074070052753,0.6566773701769875,-0.0681283750102829,-0.5150156227039178,-0.10862379580321196,-0.4639152846203149,0.8935385276592446,20.5
-0.9883002804861035,-0.2814074070052753,0.6566773701769875,-1.2582459259711638,-0.9537665494372024,-0.10862379580321196,-0.4639152846203149,0.02183165687125549,26.5
-0.9883002804861035,-0.2814074070052753,0.6566773701769875,-0.0681283750102829,-0.5150156227039178,-0.10862379580321196,-0.4639152846203149,0.02183165687125549,20.5
-0.9883002804861035,1.2864338605955445,0.6566773701769875,1.121989175950598,1.1668629297736728,1.0819782013339538,-0.4639152846203149,0.02183165687125549,18.0
-0.9883002804861035,-1.212313159643262,0.6566773701769875,1.121989175950598,1.1668629297736728,1.0819782013339538,-0.4639152846203149,0.02183165687125549,18.0
-0.9883002804861035,1.237438820983019,0.6566773701769875,1.121989175950598,1.1668629297736728,1.0819782013339538,-0.4639152846203149,0.02183165687125549,18.0
-0.9883002804861035,1.4334189794331214,0.6566773701769875,-0.0681283750102829,-0.07626469597063316,-0.10862379580321196,-0.4639152846203149,0.8935385276592446,20.5
-0.642147488010081,-0.575377644680429,0.6566773701769875,-0.0681283750102829,-0.07626469597063316,1.0819782013339538,-0.4639152846203149,0.02183165687125549,19.5
-0.642147488010081,-0.575377644680429,0.6566773701769875,1.121989175950598,1.4593635475958628,1.0819782013339538,-0.4639152846203149,-2.593288955492712,17.0
-0.642147488010081,0.30653306834503213,0.6566773701769875,-1.2582459259711638,-0.9537665494372024,-0.10862379580321196,-0.4639152846203149,0.8935385276592446,22.5
-0.642147488010081,0.30653306834503213,0.6566773701769875,-0.0681283750102829,-0.07626469597063316,-0.10862379580321196,-0.4639152846203149,0.02183165687125549,21.0
-0.2959946955340586,-0.02010052907180531,0.6566773701769875,-0.0681283750102829,-0.14938985042618066,-0.10862379580321196,-0.4639152846203149,0.8935385276592446,20.5
-0.2959946955340586,-0.2650757271344334,0.6566773701769875,-0.0681283750102829,-0.5150156227039178,-0.10862379580321196,-0.4639152846203149,0.02183165687125549,22.0
-0.2959946955340586,-0.2650757271344334,0.6566773701769875,-1.2582459259711638,-0.880641394981655,-0.10862379580321196,-0.4639152846203149,0.8935385276592446,24.0
-0.2959946955340586,-0.2650757271344334,0.6566773701769875,-1.2582459259711638,-0.880641394981655,-0.10862379580321196,2.1555659689428777,0.8935385276592446,25.5
0.05015809694196388,1.3190972203372282,0.6566773701769875,-0.0681283750102829,-0.5150156227039178,-0.10862379580321196,-0.4639152846203149,0.8935385276592446,20.5
0.05015809694196388,1.3190972203372282,0.6566773701769875,-1.2582459259711638,-0.9537665494372024,-0.10862379580321196,-0.4639152846203149,0.02183165687125549,26.5
0.05015809694196388,1.3190972203372282,0.6566773701769875,-0.0681283750102829,-0.5150156227039178,-0.10862379580321196,-0.4639152846203149,0.02183165687125549,20.5
0.05015809694196388,1.6783941774957494,0.6566773701769875,1.121989175950598,1.1668629297736728,1.0819782013339538,-0.4639152846203149,0.02183165687125549,18.0
0.05015809694196388,1.6783941774957494,0.6566773701769875,1.121989175950598,1.8249893198736,1.0819782013339538,-0.4639152846203149,0.02183165687125549,16.0
0.05015809694196388,1.7110575372374333,0.6566773701769875,1.121989175950598,1.1668629297736728,1.0819782013339538,-0.4639152846203149,0.02183165687125549,18.0
0.05015809694196388,1.7110575372374333,0.6566773701769875,1.121989175950598,1.8249893198736,1.0819782013339538,-0.4639152846203149,0.02183165687125549,16.0
0.05015809694196388,-1.3103032388683131,0.6566773701769875,-0.0681283750102829,-0.07626469597063316,-0.10862379580321196,-0.4639152846203149,0.8935385276592446,20.5
-0.9883002804861035,-0.2814074070052753,0.6566773701769875,-1.2582459259711638,-0.9537665494372024,-1.2992257929403779,-0.4639152846203149,0.02183165687125549,24.0
-0.9883002804861035,-0.2814074070052753,0.6566773701769875,-0.0681283750102829,-0.5150156227039178,-1.2992257929403779,-0.4639152846203149,0.02183165687125549,19.5
-0.9883002804861035,-0.2814074070052753,0.6566773701769875,-0.0681283750102829,-0.5150156227039178,-1.2992257929403779,-0.4639152846203149,0.8935385276592446,19.5
-0.9883002804861035,-1.212313159643262,0.6566773701769875,1.121989175950598,1.1668629297736728,-1.2992257929403779,-0.4639152846203149,0.02183165687125549,18.0
-0.9883002804861035,1.2864338605955445,0.6566773701769875,1.121989175950598,1.1668629297736728,-1.2992257929403779,-0.4639152846203149,0.02183165687125549,18.0
-0.9883002804861035,1.237438820983019,0.6566773701769875,1.121989175950598,1.1668629297736728,-1.2992257929403779,-0.4639152846203149,0.02183165687125549,18.0
-0.9883002804861035,1.4334189794331214,0.6566773701769875,-0.0681283750102829,-0.07626469597063316,-1.2992257929403779,-0.4639152846203149,0.8935385276592446,19.5
-0.642147488010081,-0.575377644680429,0.6566773701769875,-0.0681283750102829,-0.07626469597063316,-1.2992257929403779,-0.4639152846203149,0.02183165687125549,19.5
-0.642147488010081,-0.575377644680429,0.6566773701769875,1.121989175950598,1.4593635475958628,-1.2992257929403779,-0.4639152846203149,-2.593288955492712,16.5
-0.642147488010081,0.30653306834503213,0.6566773701769875,-0.0681283750102829,-0.07626469597063316,-1.2992257929403779,-0.4639152846203149,0.8935385276592446,20.0
-0.2959946955340586,-0.02010052907180531,0.6566773701769875,-0.0681283750102829,-0.14938985042618066,-1.2992257929403779,-0.4639152846203149,0.8935385276592446,19.0
-0.2959946955340586,-0.02010052907180531,0.6566773701769875,-0.0681283750102829,-0.14938985042618066,-1.2992257929403779,-0.4639152846203149,0.8935385276592446,19.5
-0.2959946955340586,-0.2650757271344334,0.6566773701769875,-0.0681283750102829,-0.5150156227039178,-1.2992257929403779,-0.4639152846203149,0.02183165687125549,20.5
-0.2959946955340586,-0.2650757271344334,0.6566773701769875,-1.2582459259711638,-0.880641394981655,-1.2992257929403779,-0.4639152846203149,0.8935385276592446,23.0
0.05015809694196388,1.3190972203372282,0.6566773701769875,-1.2582459259711638,-0.9537665494372024,-1.2992257929403779,-0.4639152846203149,0.02183165687125549,24.0
0.05015809694196388,1.3190972203372282,0.6566773701769875,-0.0681283750102829,-0.5150156227039178,-1.2992257929403779,-0.4639152846203149,0.02183165687125549,19.5
0.05015809694196388,1.3190972203372282,0.6566773701769875,-0.0681283750102829,-0.5150156227039178,-1.2992257929403779,-0.4639152846203149,0.8935385276592446,19.5
0.05015809694196388,1.7110575372374333,0.6566773701769875,1.121989175950598,1.1668629297736728,-1.2992257929403779,-0.4639152846203149,0.02183165687125549,18.0
0.05015809694196388,1.6947258573665913,0.6566773701769875,1.121989175950598,1.8249893198736,-1.2992257929403779,-0.4639152846203149,0.02183165687125549,15.5
0.05015809694196388,1.6783941774957494,0.6566773701769875,1.121989175950598,1.1668629297736728,-1.2992257929403779,-0.4639152846203149,0.02183165687125549,18.0
0.05015809694196388,-1.3103032388683131,0.6566773701769875,-0.0681283750102829,-0.07626469597063316,-1.2992257929403779,-0.4639152846203149,0.8935385276592446,19.5
0.39631088941798637,0.12688458976577155,0.6566773701769875,-0.0681283750102829,-0.14938985042618066,-1.2992257929403779,-0.4639152846203149,-0.8498752139167336,18.5
0.39631088941798637,0.09422123002408779,0.6566773701769875,1.121989175950598,0.7281120030403886,-1.2992257929403779,-0.4639152846203149,-0.8498752139167336,15.5
0.39631088941798637,0.11055290989492966,0.6566773701769875,1.121989175950598,1.313113238684768,-1.2992257929403779,-0.4639152846203149,-0.8498752139167336,14.5
0.39631088941798637,0.06155787028240405,0.6566773701769875,1.121989175950598,1.313113238684768,-1.2992257929403779,-0.4639152846203149,-0.8498752139167336,13.5
0.39631088941798637,0.8944735436953395,-1.2973747587222912,-0.0681283750102829,-0.14938985042618066,1.0819782013339538,-0.4639152846203149,-0.8498752139167336,24.5
1.0886164743700313,-1.2449765193849458,0.37752706604851904,-0.0681283750102829,-0.14938985042618066,-0.10862379580321196,2.1555659689428777,0.8935385276592446,22.5
0.39631088941798637,-0.9183429219681083,-1.5765250628507594,1.121989175950598,0.7281120030403886,1.0819782013339538,-0.4639152846203149,-0.8498752139167336,21.0
1.7809220593220765,0.2738697086033484,-1.5765250628507594,-1.2582459259711638,-1.2462671672593921,-0.10862379580321196,-0.4639152846203149,-3.464995826280701,33.0
1.7809220593220765,0.19221130924913904,-1.5765250628507594,-1.2582459259711638,-1.2462671672593921,-0.10862379580321196,-0.4639152846203149,-3.464995826280701,33.0
1.7809220593220765,0.2738697086033484,-1.5765250628507594,-1.2582459259711638,-1.2462671672593921,-0.10862379580321196,2.1555659689428777,-3.464995826280701,34.0
1.7809220593220765,0.19221130924913904,-1.5765250628507594,-1.2582459259711638,-1.2462671672593921,-0.10862379580321196,2.1555659689428777,-3.464995826280701,34.0
1.7809220593220765,0.2738697086033484,-1.5765250628507594,-1.2582459259711638,-1.2462671672593921,-0.10862379580321196,-0.4639152846203149,0.8935385276592446,26.0
1.7809220593220765,0.2738697086033484,-1.5765250628507594,-1.2582459259711638,-1.2462671672593921,-0.10862379580321196,2.1555659689428777,0.8935385276592446,29.0
1.7809220593220765,0.6331666657618695,-0.7390741504653544,-1.2582459259711638,-1.2462671672593921,-0.10862379580321196,-0.4639152846203149,-3.464995826280701,35.0
1.7809220593220765,0.29020138847419025,1.773278586690861,-1.2582459259711638,-1.2462671672593921,-0.10862379580321196,-0.4639152846203149,-3.464995826280701,33.0
1.7809220593220765,0.29020138847419025,1.773278586690861,-1.2582459259711638,-1.2462671672593921,-0.10862379580321196,2.1555659689428777,-3.464995826280701,34.0
-0.9883002804861035,-0.2814074070052753,0.6566773701769875,-1.2582459259711638,-0.9537665494372024,-0.10862379580321196,-0.4639152846203149,0.8935385276592446,26.5
0.05015809694196388,1.3190972203372282,0.6566773701769875,-1.2582459259711638,-0.9537665494372024,-0.10862379580321196,-0.4639152846203149,0.8935385276592446,26.5
0.39631088941798637,0.12688458976577155,0.6566773701769875,-0.0681283750102829,-0.14938985042618066,1.0819782013339538,-0.4639152846203149,-0.8498752139167336,19.0
1.7809220593220765,1.3354289002080701,0.6566773701769875,-1.2582459259711638,-1.2462671672593921,-0.10862379580321196,-0.4639152846203149,-0.8498752139167336,24.0
1.7809220593220765,1.3354289002080701,0.6566773701769875,-1.2582459259711638,-1.2462671672593921,-0.10862379580321196,2.1555659689428777,-0.8498752139167336,22.0
-0.9883002804861035,-0.2814074070052753,0.6566773701769875,-1.2582459259711638,-0.9537665494372024,-1.2992257929403779,-0.4639152846203149,0.8935385276592446,24.0
0.05015809694196388,1.3190972203372282,0.6566773701769875,-1.2582459259711638,-0.9537665494372024,-1.2992257929403779,-0.4639152846203149,0.8935385276592446,24.0
1.7809220593220765,1.3844239398205958,0.6566773701769875,-0.0681283750102829,-0.07626469597063316,-1.2992257929403779,-0.4639152846203149,-0.8498752139167336,19.5
1.7809220593220765,1.3517605800789119,0.6566773701769875,-1.2582459259711638,-1.2462671672593921,-1.2992257929403779,-0.4639152846203149,-0.8498752139167336,23.5
0.39631088941798637,0.9434685833078652,-1.2973747587222912,1.121989175950598,1.8249893198736,1.0819782013339538,-0.4639152846203149,-0.8498752139167336,17.0
-1.334453072962126,0.4045231475700834,0.37752706604851904,1.121989175950598,0.21623592185155646,1.0819782013339538,2.1555659689428777,-0.8498752139167336,17.5
-1.334453072962126,0.4045231475700834,0.37752706604851904,1.121989175950598,0.21623592185155646,1.0819782013339538,-0.4639152846203149,-0.8498752139167336,17.0
-1.334453072962126,0.3881914676992415,0.37752706604851904,1.121989175950598,0.21623592185155646,1.0819782013339538,2.1555659689428777,-0.8498752139167336,17.0
-1.334453072962126,0.3881914676992415,0.37752706604851904,1.121989175950598,0.21623592185155646,1.0819782013339538,-0.4639152846203149,-0.8498752139167336,17.0
-0.9883002804861035,1.221107141112177,-0.7390741504653544,-1.2582459259711638,-1.3925174761704868,-0.10862379580321196,-0.4639152846203149,0.8935385276592446,29.0
-0.9883002804861035,1.221107141112177,-0.7390741504653544,-1.2582459259711638,-1.3925174761704868,-0.10862379580321196,2.1555659689428777,0.8935385276592446,30.0
-0.2959946955340586,-0.03643220894264718,0.37752706604851904,-1.2582459259711638,-1.5387677850815817,-0.10862379580321196,-0.4639152846203149,0.8935385276592446,33.0
-0.2959946955340586,-0.03643220894264718,0.37752706604851904,-1.2582459259711638,-1.5387677850815817,-0.10862379580321196,2.1555659689428777,0.8935385276592446,33.0
-0.2959946955340586,-0.03643220894264718,0.37752706604851904,-1.2582459259711638,-1.5387677850815817,-0.10862379580321196,-0.4639152846203149,0.8935385276592446,33.5
0.39631088941798637,-1.0326646810640014,0.37752706604851904,1.121989175950598,1.8249893198736,1.0819782013339538,-0.4639152846203149,-0.8498752139167336,16.0
0.39631088941798637,-1.081659720676527,0.37752706604851904,-0.0681283750102829,-0.14938985042618066,1.0819782013339538,-0.4639152846203149,-0.8498752139167336,23.5
0.39631088941798637,-0.46105588558453586,0.37752706604851904,-0.0681283750102829,-0.14938985042618066,1.0819782013339538,-0.4639152846203149,-0.8498752139167336,23.5
0.39631088941798637,-0.47738756545537775,0.37752706604851904,-0.0681283750102829,-0.14938985042618066,1.0819782013339538,-0.4639152846203149,-0.8498752139167336,23.5
-1.334453072962126,-1.4082933180933646,-1.5765250628507594,1.121989175950598,0.5087365396737464,1.0819782013339538,-0.4639152846203149,-0.8498752139167336,19.0
-1.334453072962126,-1.4082933180933646,-1.5765250628507594,1.121989175950598,0.5087365396737464,1.0819782013339538,2.1555659689428777,-0.8498752139167336,18.5
-0.9883002804861035,1.204775461241335,-1.5765250628507594,-1.2582459259711638,-1.3925174761704868,-0.10862379580321196,-0.4639152846203149,0.8935385276592446,29.0
-0.9883002804861035,1.204775461241335,-1.5765250628507594,-1.2582459259711638,-1.3925174761704868,-0.10862379580321196,2.1555659689428777,0.8935385276592446,30.0
0.39631088941798637,-1.1143230804182107,-1.5765250628507594,-0.0681283750102829,-0.5150156227039178,-1.2992257929403779,-0.4639152846203149,-0.8498752139167336,20.5
0.39631088941798637,-1.1143230804182107,-1.5765250628507594,-0.0681283750102829,-0.5150156227039178,-1.2992257929403779,-0.4639152846203149,-1.7215820847047227,21.5
0.39631088941798637,-1.1469864401598946,-1.5765250628507594,-1.2582459259711638,-1.3925174761704868,1.0819782013339538,-0.4639152846203149,-0.8498752139167336,26.0
0.39631088941798637,-1.097991400547369,-1.5765250628507594,-0.0681283750102829,-0.14938985042618066,1.0819782013339538,-0.4639152846203149,-0.8498752139167336,24.5
0.39631088941798637,-1.065328040805685,-1.5765250628507594,1.121989175950598,1.8249893198736,1.0819782013339538,-0.4639152846203149,-0.8498752139167336,16.0
0.39631088941798637,-0.9836696414514757,-1.5765250628507594,1.121989175950598,0.7281120030403886,-1.2992257929403779,-0.4639152846203149,-0.8498752139167336,19.5
0.39631088941798637,-0.9673379615806339,-1.5765250628507594,3.5022242778723593,1.313113238684768,1.0819782013339538,-0.4639152846203149,-0.8498752139167336,15.0
0.39631088941798637,-0.9510062817097921,-1.5765250628507594,1.121989175950598,1.313113238684768,1.0819782013339538,-0.4639152846203149,-0.8498752139167336,18.5
0.39631088941798637,-0.9346746018389501,-1.5765250628507594,3.5022242778723593,1.6787390109625049,1.0819782013339538,-0.4639152846203149,-0.8498752139167336,15.0
0.39631088941798637,-0.9183429219681083,-1.5765250628507594,1.121989175950598,0.7281120030403886,-1.2992257929403779,-0.4639152846203149,-0.8498752139167336,20.5
0.39631088941798637,-0.9020112420972665,-1.5765250628507594,1.121989175950598,1.313113238684768,1.0819782013339538,-0.4639152846203149,-0.8498752139167336,20.5
1.0886164743700313,1.482414019045647,-1.5765250628507594,-1.2582459259711638,-1.3925174761704868,-0.10862379580321196,-0.4639152846203149,0.8935385276592446,30.5
1.0886164743700313,1.482414019045647,-1.5765250628507594,-1.2582459259711638,-1.3925174761704868,-0.10862379580321196,-0.4639152846203149,0.8935385276592446,27.5
1.0886164743700313,1.482414019045647,-1.5765250628507594,-1.2582459259711638,-1.3925174761704868,-0.10862379580321196,2.1555659689428777,0.8935385276592446,28.5
1.0886164743700313,1.482414019045647,-1.5765250628507594,-1.2582459259711638,-1.5387677850815817,-0.10862379580321196,-0.4639152846203149,0.8935385276592446,33.5
1.0886164743700313,1.482414019045647,-1.5765250628507594,-1.2582459259711638,-1.5387677850815817,-0.10862379580321196,2.1555659689428777,0.8935385276592446,31.0
1.4347692668460539,1.6620624976249074,-1.5765250628507594,-1.2582459259711638,-1.611892939537129,-0.10862379580321196,-0.4639152846203149,0.8935385276592446,31.5
1.4347692668460539,1.6620624976249074,-1.5765250628507594,-1.2582459259711638,-1.611892939537129,-0.10862379580321196,2.1555659689428777,0.8935385276592446,33.0
-1.334453072962126,-1.4899517174475738,-0.7390741504653544,1.121989175950598,0.5087365396737464,1.0819782013339538,-0.4639152846203149,-0.8498752139167336,19.0
-1.334453072962126,-1.4899517174475738,-0.7390741504653544,1.121989175950598,0.5087365396737464,1.0819782013339538,2.1555659689428777,-0.8498752139167336,18.5
-0.642147488010081,-0.7713578031305315,-0.7390741504653544,-0.0681283750102829,-0.07626469597063316,1.0819782013339538,-0.4639152846203149,0.8935385276592446,22.5
-0.642147488010081,-0.7713578031305315,-0.7390741504653544,1.121989175950598,1.4593635475958628,1.0819782013339538,2.1555659689428777,-0.8498752139167336,19.0
-0.642147488010081,-0.7713578031305315,-0.7390741504653544,1.121989175950598,1.4593635475958628,1.0819782013339538,-0.4639152846203149,-2.593288955492712,20.5
-0.642147488010081,-0.7550261232596895,-0.7390741504653544,1.121989175950598,1.971239628784695,1.0819782013339538,-0.4639152846203149,-0.8498752139167336,18.5
0.7424636818940088,0.17587962937829715,-0.7390741504653544,-1.2582459259711638,-0.9537665494372024,-0.10862379580321196,-0.4639152846203149,0.8935385276592446,25.0
1.0886164743700313,0.5188449066659765,-0.7390741504653544,-0.0681283750102829,-0.14938985042618066,-0.10862379580321196,-0.4639152846203149,-0.8498752139167336,22.5
1.4347692668460539,-0.8530162024847407,-0.7390741504653544,-1.2582459259711638,-0.880641394981655,-0.10862379580321196,-0.4639152846203149,0.8935385276592446,29.0
1.4347692668460539,-0.8530162024847407,-0.7390741504653544,-0.0681283750102829,-0.14938985042618066,-0.10862379580321196,-0.4639152846203149,0.8935385276592446,25.5
1.7809220593220765,0.6331666657618695,-0.7390741504653544,-0.6631871504907233,-0.880641394981655,-0.10862379580321196,-0.4639152846203149,0.8935385276592446,26.5
1.7809220593220765,0.6331666657618695,-0.7390741504653544,-0.6631871504907233,-0.880641394981655,-0.10862379580321196,2.1555659689428777,0.8935385276592446,27.0
1.7809220593220765,0.6331666657618695,-0.7390741504653544,-0.0681283750102829,-0.07626469597063316,-0.10862379580321196,-0.4639152846203149,-0.8498752139167336,24.0
-0.642147488010081,-0.7386944433888477,-0.18077354220841768,-0.0681283750102829,-0.07626469597063316,1.0819782013339538,-0.4639152846203149,0.8935385276592446,22.5
-0.642147488010081,-0.7386944433888477,-0.18077354220841768,1.121989175950598,1.4593635475958628,1.0819782013339538,-0.4639152846203149,-2.593288955492712,20.5
-0.642147488010081,-0.7386944433888477,-0.18077354220841768,1.121989175950598,1.4593635475958628,-1.2992257929403779,-0.4639152846203149,-2.593288955492712,19.0
-0.642147488010081,-0.7386944433888477,-0.18077354220841768,-0.0681283750102829,-0.07626469597063316,1.0819782013339538,-0.4639152846203149,0.02183165687125549,24.5
-0.642147488010081,-0.7386944433888477,-0.18077354220841768,-0.0681283750102829,-0.07626469597063316,-1.2992257929403779,-0.4639152846203149,0.02183165687125549,22.5
-0.642147488010081,-0.7223627635180058,-0.18077354220841768,1.121989175950598,1.971239628784695,1.0819782013339538,-0.4639152846203149,-0.8498752139167336,18.5
-0.2959946955340586,1.3027655404663863,-0.18077354220841768,-0.0681283750102829,-0.14938985042618066,-1.2992257929403779,-0.4639152846203149,0.8935385276592446,21.0
-0.2959946955340586,1.3027655404663863,-0.18077354220841768,-0.0681283750102829,-0.14938985042618066,-0.10862379580321196,-0.4639152846203149,0.8935385276592446,22.5
-0.2959946955340586,1.3027655404663863,-0.18077354220841768,-0.0681283750102829,-0.14938985042618066,-0.10862379580321196,-0.4639152846203149,0.8935385276592446,23.0
-0.2959946955340586,1.3027655404663863,-0.18077354220841768,-0.0681283750102829,-0.14938985042618066,-1.2992257929403779,-0.4639152846203149,0.8935385276592446,20.5
0.39631088941798637,0.7801517845994465,-0.18077354220841768,1.121989175950598,0.7281120030403886,1.0819782013339538,-0.4639152846203149,-0.8498752139167336,20.0
0.39631088941798637,0.7964834644702883,-0.18077354220841768,3.5022242778723593,1.313113238684768,1.0819782013339538,-0.4639152846203149,-0.8498752139167336,15.5
0.39631088941798637,0.8128151443411302,-0.18077354220841768,1.121989175950598,1.313113238684768,1.0819782013339538,-0.4639152846203149,-0.8498752139167336,19.0
0.39631088941798637,0.7801517845994465,-0.18077354220841768,1.121989175950598,0.7281120030403886,-1.2992257929403779,-0.4639152846203149,-0.8498752139167336,19.5
0.39631088941798637,0.8291468242119721,-0.18077354220841768,3.5022242778723593,1.6787390109625049,1.0819782013339538,-0.4639152846203149,-0.8498752139167336,15.5
0.39631088941798637,0.7638201047286045,-0.18077354220841768,-0.0681283750102829,-0.5150156227039178,-1.2992257929403779,-0.4639152846203149,-3.464995826280701,26.0
-0.642147488010081,-0.8856795622264245,1.773278586690861,-1.2582459259711638,-1.2462671672593921,-0.10862379580321196,-0.4639152846203149,0.8935385276592446,25.0
-0.642147488010081,-0.8856795622264245,1.773278586690861,-1.2582459259711638,-1.2462671672593921,-0.10862379580321196,2.1555659689428777,0.8935385276592446,27.5
-0.642147488010081,-0.8856795622264245,1.773278586690861,-1.2582459259711638,-0.9537665494372024,-0.10862379580321196,-0.4639152846203149,0.8935385276592446,24.5
1.0886164743700313,0.012562830669878434,-1.0182244545938228,-1.2582459259711638,-0.880641394981655,1.0819782013339538,-0.4639152846203149,0.8935385276592446,19.5
1.0886164743700313,0.012562830669878434,-1.0182244545938228,-1.2582459259711638,-0.880641394981655,1.0819782013339538,2.1555659689428777,0.8935385276592446,21.0
1.0886164743700313,0.012562830669878434,-1.0182244545938228,-0.0681283750102829,0.21623592185155646,1.0819782013339538,-0.4639152846203149,0.8935385276592446,17.5
1.0886164743700313,0.012562830669878434,-1.0182244545938228,-0.0681283750102829,0.21623592185155646,1.0819782013339538,2.1555659689428777,0.8935385276592446,18.0
1.4347692668460539,1.2701021807247026,-1.0182244545938228,-1.2582459259711638,-0.7343910860705599,1.0819782013339538,-0.4639152846203149,0.8935385276592446,21.5
1.4347692668460539,1.2701021807247026,-1.0182244545938228,-1.2582459259711638,-0.7343910860705599,1.0819782013339538,2.1555659689428777,0.8935385276592446,23.0
1.4347692668460539,1.2701021807247026,-1.0182244545938228,-0.0681283750102829,0.21623592185155646,1.0819782013339538,-0.4639152846203149,0.8935385276592446,19.0
1.4347692668460539,1.2701021807247026,-1.0182244545938228,-0.0681283750102829,0.21623592185155646,1.0819782013339538,2.1555659689428777,0.8935385276592446,18.5
1.0886164743700313,0.012562830669878434,-1.0182244545938228,-0.0681283750102829,0.21623592185155646,-1.2992257929403779,-0.4639152846203149,0.8935385276592446,16.5
1.0886164743700313,0.012562830669878434,-1.0182244545938228,-0.0681283750102829,0.21623592185155646,-1.2992257929403779,2.1555659689428777,0.8935385276592446,18.0
1.4347692668460539,1.2701021807247026,-1.0182244545938228,-1.2582459259711638,-0.7343910860705599,-1.2992257929403779,-0.4639152846203149,0.8935385276592446,19.5
1.4347692668460539,1.2701021807247026,-1.0182244545938228,-1.2582459259711638,-0.7343910860705599,-1.2992257929403779,2.1555659689428777,0.8935385276592446,19.0
1.4347692668460539,1.2701021807247026,-1.0182244545938228,-0.0681283750102829,0.21623592185155646,-1.2992257929403779,-0.4639152846203149,0.8935385276592446,18.5
1.4347692668460539,1.2701021807247026,-1.0182244545938228,-0.0681283750102829,0.21623592185155646,-1.2992257929403779,2.1555659689428777,0.8935385276592446,17.0
-0.642147488010081,0.7148250651160789,0.9358276743054558,1.121989175950598,0.7281120030403886,1.0819782013339538,-0.4639152846203149,0.02183165687125549,17.0
1.0886164743700313,1.3680922599497538,0.9358276743054558,1.121989175950598,1.386238393140315,1.0819782013339538,-0.4639152846203149,0.8935385276592446,15.5
1.4347692668460539,1.4497506593039633,0.9358276743054558,-0.0681283750102829,0.21623592185155646,1.0819782013339538,-0.4639152846203149,0.8935385276592446,18.0
1.4347692668460539,1.4497506593039633,0.9358276743054558,1.121989175950598,0.6549868485848408,1.0819782013339538,-0.4639152846203149,0.8935385276592446,17.5
1.4347692668460539,1.4497506593039633,0.9358276743054558,1.121989175950598,1.4593635475958628,1.0819782013339538,-0.4639152846203149,0.8935385276592446,16.0
-0.642147488010081,0.7148250651160789,0.9358276743054558,1.121989175950598,0.7281120030403886,-1.2992257929403779,-0.4639152846203149,0.02183165687125549,16.5
1.0886164743700313,1.3680922599497538,0.9358276743054558,1.121989175950598,1.386238393140315,-1.2992257929403779,-0.4639152846203149,0.8935385276592446,14.5
1.4347692668460539,1.4497506593039633,0.9358276743054558,1.121989175950598,0.6549868485848408,-1.2992257929403779,-0.4639152846203149,0.8935385276592446,16.5
1.4347692668460539,1.4497506593039633,0.9358276743054558,1.121989175950598,1.4593635475958628,-1.2992257929403779,-0.4639152846203149,0.8935385276592446,15.0
1.4347692668460539,1.4497506593039633,0.9358276743054558,1.121989175950598,1.4593635475958628,-1.2992257929403779,-0.4639152846203149,0.02183165687125549,15.5
-0.9883002804861035,-0.1507539680385403,1.214977978433924,1.121989175950598,1.6787390109625049,1.0819782013339538,-0.4639152846203149,0.02183165687125549,12.5
-0.9883002804861035,-0.16708564790938216,1.214977978433924,1.121989175950598,1.6787390109625049,1.0819782013339538,-0.4639152846203149,0.02183165687125549,12.5
-0.9883002804861035,-0.11809060829685654,1.214977978433924,1.121989175950598,1.6787390109625049,1.0819782013339538,-0.4639152846203149,0.02183165687125549,12.0
-0.2959946955340586,-0.5100509251970615,1.214977978433924,2.3121067269114786,2.263740246606884,1.0819782013339538,-0.4639152846203149,0.8935385276592446,12.0
-0.2959946955340586,-0.5590459648095871,1.214977978433924,1.121989175950598,0.6549868485848408,1.0819782013339538,-0.4639152846203149,0.02183165687125549,15.0
-0.2959946955340586,-0.5263826050679034,1.214977978433924,1.121989175950598,0.6549868485848408,1.0819782013339538,-0.4639152846203149,0.02183165687125549,15.0
-0.2959946955340586,-0.5590459648095871,1.214977978433924,1.121989175950598,1.2399880842292206,1.0819782013339538,-0.4639152846203149,0.02183165687125549,14.0
-0.2959946955340586,-0.5263826050679034,1.214977978433924,1.121989175950598,1.2399880842292206,1.0819782013339538,-0.4639152846203149,0.02183165687125549,14.0
-0.2959946955340586,-0.5100509251970615,1.214977978433924,1.121989175950598,1.2399880842292206,1.0819782013339538,-0.4639152846203149,0.02183165687125549,14.0
0.05015809694196388,1.0414586625329163,1.214977978433924,1.121989175950598,1.6787390109625049,1.0819782013339538,-0.4639152846203149,0.02183165687125549,12.5
0.05015809694196388,1.0087953027912326,1.214977978433924,1.121989175950598,1.6787390109625049,1.0819782013339538,-0.4639152846203149,0.02183165687125549,12.5
0.05015809694196388,1.0577903424037582,1.214977978433924,1.121989175950598,1.6787390109625049,1.0819782013339538,-0.4639152846203149,0.02183165687125549,12.0
-0.9883002804861035,-0.1344222881676984,1.214977978433924,1.121989175950598,0.8012371574959357,1.0819782013339538,-0.4639152846203149,0.02183165687125549,14.0
-0.9883002804861035,-0.10175892842601467,1.214977978433924,1.121989175950598,0.8012371574959357,1.0819782013339538,-0.4639152846203149,0.02183165687125549,14.0
-0.9883002804861035,-0.1344222881676984,1.214977978433924,1.121989175950598,1.6787390109625049,1.0819782013339538,-0.4639152846203149,0.02183165687125549,13.5
-0.9883002804861035,-0.10175892842601467,1.214977978433924,1.121989175950598,1.6787390109625049,1.0819782013339538,-0.4639152846203149,0.02183165687125549,12.5
-0.2959946955340586,-0.444724205713694,1.214977978433924,2.3121067269114786,2.263740246606884,1.0819782013339538,-0.4639152846203149,0.8935385276592446,11.5
-0.2959946955340586,-0.5427142849387452,1.214977978433924,1.121989175950598,0.6549868485848408,1.0819782013339538,-0.4639152846203149,0.02183165687125549,14.5
-0.2959946955340586,-0.5427142849387452,1.214977978433924,1.121989175950598,1.2399880842292206,1.0819782013339538,-0.4639152846203149,0.02183165687125549,14.0
-0.2959946955340586,-0.444724205713694,1.214977978433924,1.121989175950598,1.2399880842292206,1.0819782013339538,-0.4639152846203149,0.02183165687125549,13.0
0.05015809694196388,1.0251269826620746,1.214977978433924,1.121989175950598,0.8012371574959357,1.0819782013339538,-0.4639152846203149,0.02183165687125549,14.0
0.05015809694196388,1.0741220222746002,1.214977978433924,1.121989175950598,0.8012371574959357,1.0819782013339538,-0.4639152846203149,0.02183165687125549,14.0
0.05015809694196388,1.0251269826620746,1.214977978433924,1.121989175950598,1.6787390109625049,1.0819782013339538,-0.4639152846203149,0.02183165687125549,13.5
0.05015809694196388,1.0741220222746002,1.214977978433924,1.121989175950598,1.6787390109625049,1.0819782013339538,-0.4639152846203149,0.02183165687125549,12.5
1.4347692668460539,1.1231170618871258,-0.45992384633688604,-1.2582459259711638,-0.7343910860705599,-0.10862379580321196,-0.4639152846203149,0.8935385276592446,21.5
1.4347692668460539,1.1231170618871258,-0.45992384633688604,-0.0681283750102829,-0.14938985042618066,-0.10862379580321196,-0.4639152846203149,0.8935385276592446,21.5
1.4347692668460539,1.1231170618871258,-0.45992384633688604,-0.0681283750102829,-0.14938985042618066,-1.2992257929403779,-0.4639152846203149,0.8935385276592446,20.0
-0.9883002804861035,-0.7876894830013733,0.6566773701769875,-1.2582459259711638,-0.9537665494372024,-0.10862379580321196,-0.4639152846203149,0.8935385276592446,24.0
-0.9883002804861035,1.2537705008538607,0.6566773701769875,1.121989175950598,1.6787390109625049,1.0819782013339538,-0.4639152846203149,0.8935385276592446,13.0
-0.2959946955340586,-0.314070766746959,0.6566773701769875,-1.2582459259711638,-1.2462671672593921,-0.10862379580321196,-0.4639152846203149,0.8935385276592446,25.0
-0.2959946955340586,-0.23241236739274965,0.6566773701769875,-1.2582459259711638,-1.2462671672593921,-0.10862379580321196,-0.4639152846203149,0.8935385276592446,23.5
-0.2959946955340586,-0.314070766746959,0.6566773701769875,-0.0681283750102829,-0.14938985042618066,-0.10862379580321196,-0.4639152846203149,0.8935385276592446,23.0
-0.2959946955340586,-0.314070766746959,0.6566773701769875,-0.0681283750102829,-0.0031395415150856807,-0.10862379580321196,-0.4639152846203149,0.8935385276592446,22.5
-0.2959946955340586,-0.23241236739274965,0.6566773701769875,-0.0681283750102829,-0.14938985042618066,-0.10862379580321196,-0.4639152846203149,0.8935385276592446,21.5
-0.2959946955340586,-0.24874404726359153,0.6566773701769875,1.121989175950598,1.2399880842292206,1.0819782013339538,-0.4639152846203149,0.02183165687125549,17.0
0.05015809694196388,1.727389217108275,0.6566773701769875,1.121989175950598,1.6787390109625049,1.0819782013339538,-0.4639152846203149,0.8935385276592446,13.0
0.7424636818940088,0.6005033060201859,0.6566773701769875,-1.2582459259711638,-0.9537665494372024,-0.10862379580321196,-0.4639152846203149,0.8935385276592446,25.0
0.7424636818940088,0.6005033060201859,0.6566773701769875,-0.0681283750102829,-0.5150156227039178,-0.10862379580321196,-0.4639152846203149,-0.8498752139167336,22.5
1.0886164743700313,0.6494983456327115,0.6566773701769875,-0.0681283750102829,0.21623592185155646,1.0819782013339538,-0.4639152846203149,-0.8498752139167336,18.5
1.0886164743700313,-1.2286448395141039,0.6566773701769875,1.121989175950598,1.386238393140315,1.0819782013339538,-0.4639152846203149,0.8935385276592446,16.0
1.0886164743700313,1.6457308177540657,0.6566773701769875,-0.0681283750102829,0.21623592185155646,1.0819782013339538,-0.4639152846203149,0.8935385276592446,19.0
1.4347692668460539,0.24120634886166464,0.6566773701769875,-1.2582459259711638,-0.7343910860705599,-0.10862379580321196,-0.4639152846203149,0.8935385276592446,22.5
1.4347692668460539,0.24120634886166464,0.6566773701769875,-0.0681283750102829,-0.14938985042618066,-0.10862379580321196,-0.4639152846203149,0.8935385276592446,21.0
1.4347692668460539,-0.052763888813489056,0.6566773701769875,-0.0681283750102829,0.21623592185155646,1.0819782013339538,-0.4639152846203149,0.8935385276592446,18.5
1.4347692668460539,1.1067853820162838,0.6566773701769875,1.121989175950598,0.6549868485848408,1.0819782013339538,-0.4639152846203149,0.8935385276592446,17.0
1.4347692668460539,1.1067853820162838,0.6566773701769875,1.121989175950598,1.4593635475958628,1.0819782013339538,-0.4639152846203149,0.8935385276592446,15.5
-0.9883002804861035,1.2537705008538607,0.6566773701769875,1.121989175950598,1.6787390109625049,-1.2992257929403779,-0.4639152846203149,0.8935385276592446,13.0
-0.2959946955340586,-0.314070766746959,0.6566773701769875,-0.0681283750102829,-0.0031395415150856807,-1.2992257929403779,-0.4639152846203149,0.8935385276592446,20.0
-0.2959946955340586,-0.314070766746959,0.6566773701769875,-0.0681283750102829,-0.14938985042618066,-1.2992257929403779,-0.4639152846203149,0.8935385276592446,21.5
-0.2959946955340586,-0.24874404726359153,0.6566773701769875,1.121989175950598,1.2399880842292206,-1.2992257929403779,-0.4639152846203149,0.02183165687125549,15.5
-0.2959946955340586,-0.23241236739274965,0.6566773701769875,-0.0681283750102829,-0.14938985042618066,-1.2992257929403779,-0.4639152846203149,0.8935385276592446,20.0
0.05015809694196388,1.727389217108275,0.6566773701769875,1.121989175950598,1.6787390109625049,-1.2992257929403779,-0.4639152846203149,0.8935385276592446,13.0
0.05015809694196388,1.7110575372374333,0.6566773701769875,1.121989175950598,1.8249893198736,-1.2992257929403779,-0.4639152846203149,0.02183165687125549,15.5
0.39631088941798637,0.4371865073117671,0.6566773701769875,-0.0681283750102829,-0.14938985042618066,-1.2992257929403779,-0.4639152846203149,-0.8498752139167336,19.5
0.39631088941798637,0.4371865073117671,0.6566773701769875,-0.0681283750102829,-0.5150156227039178,-1.2992257929403779,-0.4639152846203149,-3.464995826280701,23.5
0.39631088941798637,0.6821617053743952,0.6566773701769875,-0.0681283750102829,-0.14938985042618066,-1.2992257929403779,-0.4639152846203149,-0.8498752139167336,18.5
0.7424636818940088,0.6005033060201859,0.6566773701769875,-1.2582459259711638,-0.9537665494372024,-1.2992257929403779,-0.4639152846203149,0.8935385276592446,24.5
0.7424636818940088,0.6005033060201859,0.6566773701769875,-0.0681283750102829,-0.5150156227039178,-1.2992257929403779,-0.4639152846203149,-0.8498752139167336,21.5
1.0886164743700313,1.6457308177540657,0.6566773701769875,-0.0681283750102829,0.21623592185155646,-1.2992257929403779,-0.4639152846203149,0.8935385276592446,17.5
1.0886164743700313,0.6494983456327115,0.6566773701769875,-0.0681283750102829,0.21623592185155646,-1.2992257929403779,-0.4639152846203149,-0.8498752139167336,17.0
1.0886164743700313,0.6494983456327115,0.6566773701769875,1.121989175950598,1.386238393140315,-1.2992257929403779,-0.4639152846203149,-0.8498752139167336,15.5
1.0886164743700313,-1.2286448395141039,0.6566773701769875,1.121989175950598,1.386238393140315,-1.2992257929403779,-0.4639152846203149,0.8935385276592446,15.0
1.4347692668460539,0.24120634886166464,0.6566773701769875,-0.0681283750102829,-0.14938985042618066,-1.2992257929403779,-0.4639152846203149,0.8935385276592446,19.5
1.4347692668460539,-0.052763888813489056,0.6566773701769875,-0.0681283750102829,0.21623592185155646,-1.2992257929403779,-0.4639152846203149,0.8935385276592446,18.5
1.4347692668460539,-0.052763888813489056,0.6566773701769875,-0.0681283750102829,0.21623592185155646,-1.2992257929403779,2.1555659689428777,0.8935385276592446,16.5
1.4347692668460539,1.1067853820162838,0.6566773701769875,1.121989175950598,0.6549868485848408,-1.2992257929403779,-0.4639152846203149,0.8935385276592446,15.5
1.4347692668460539,1.1067853820162838,0.6566773701769875,1.121989175950598,1.4593635475958628,-1.2992257929403779,-0.4639152846203149,0.8935385276592446,15.0
1.4347692668460539,1.1067853820162838,0.6566773701769875,1.121989175950598,1.4593635475958628,-1.2992257929403779,-0.4639152846203149,0.02183165687125549,15.5
-1.334453072962126,1.743720896979117,-1.2973747587222912,-1.2582459259711638,-1.2462671672593921,1.0819782013339538,-0.4639152846203149,-0.8498752139167336,27.0
-1.334453072962126,1.743720896979117,-1.2973747587222912,-1.2582459259711638,-1.2462671672593921,1.0819782013339538,2.1555659689428777,-0.8498752139167336,28.5
-1.334453072962126,1.7600525768499589,-1.2973747587222912,-0.0681283750102829,-0.5150156227039178,1.0819782013339538,2.1555659689428777,-0.8498752139167336,22.5
-1.334453072962126,1.7600525768499589,-1.2973747587222912,-0.0681283750102829,-0.5150156227039178,1.0819782013339538,-0.4639152846203149,-0.8498752139167336,20.0
-1.334453072962126,1.7763842567208006,-1.2973747587222912,-0.0681283750102829,-0.5150156227039178,1.0819782013339538,-0.4639152846203149,-0.8498752139167336,20.0
1.0886164743700313,-1.587941796672625,-1.2973747587222912,-0.0681283750102829,-0.0031395415150856807,1.0819782013339538,-0.4639152846203149,-0.8498752139167336,22.5
1.0886164743700313,-1.587941796672625,-1.2973747587222912,-0.0681283750102829,-0.0031395415150856807,1.0819782013339538,2.1555659689428777,-0.8498752139167336,22.0
1.0886164743700313,-1.571610116801783,-1.2973747587222912,-0.0681283750102829,-0.0031395415150856807,1.0819782013339538,-0.4639152846203149,-0.8498752139167336,21.5
1.0886164743700313,-1.571610116801783,-1.2973747587222912,-0.0681283750102829,-0.0031395415150856807,1.0819782013339538,2.1555659689428777,-0.8498752139167336,21.5
-1.334453072962126,-1.7022635557685182,0.37752706604851904,-0.0681283750102829,-0.5150156227039178,1.0819782013339538,-0.4639152846203149,-0.8498752139167336,23.0
-1.334453072962126,-1.7022635557685182,0.37752706604851904,-0.0681283750102829,-0.5150156227039178,1.0819782013339538,2.1555659689428777,-0.8498752139167336,22.5
-1.334453072962126,-1.7022635557685182,0.37752706604851904,-0.0681283750102829,-0.5150156227039178,-1.2992257929403779,-0.4639152846203149,-0.8498752139167336,21.0
-1.334453072962126,-1.7022635557685182,0.37752706604851904,-0.0681283750102829,-0.5150156227039178,-1.2992257929403779,2.1555659689428777,-0.8498752139167336,21.0
-1.334453072962126,-1.7349269155102018,0.37752706604851904,-0.0681283750102829,-0.5150156227039178,1.0819782013339538,-0.4639152846203149,-0.8498752139167336,22.0
-1.334453072962126,-1.7349269155102018,0.37752706604851904,-0.0681283750102829,-0.5150156227039178,1.0819782013339538,2.1555659689428777,-0.8498752139167336,21.5
-1.334453072962126,-1.6369368362851506,0.37752706604851904,-0.0681283750102829,-0.5150156227039178,1.0819782013339538,-0.4639152846203149,-0.8498752139167336,22.5
-1.334453072962126,-1.6369368362851506,0.37752706604851904,-0.0681283750102829,-0.5150156227039178,1.0819782013339538,2.1555659689428777,-0.8498752139167336,23.0
-1.334453072962126,-1.6369368362851506,0.37752706604851904,-0.0681283750102829,-0.5150156227039178,-1.2992257929403779,-0.4639152846203149,-0.8498752139167336,22.0
-1.334453072962126,-1.6369368362851506,0.37752706604851904,-0.0681283750102829,-0.5150156227039178,-1.2992257929403779,2.1555659689428777,-0.8498752139167336,22.5
-1.334453072962126,-1.604273476543467,0.37752706604851904,-0.0681283750102829,-0.5150156227039178,1.0819782013339538,-0.4639152846203149,-0.8498752139167336,20.0
-1.334453072962126,-1.604273476543467,0.37752706604851904,-0.0681283750102829,-0.5150156227039178,1.0819782013339538,2.1555659689428777,-0.8498752139167336,22.0
-1.334453072962126,-1.6206051564143087,0.37752706604851904,-0.0681283750102829,-0.5150156227039178,1.0819782013339538,-0.4639152846203149,-0.8498752139167336,20.0
-1.334453072962126,-1.6206051564143087,0.37752706604851904,-0.0681283750102829,-0.5150156227039178,1.0819782013339538,2.1555659689428777,-0.8498752139167336,22.0
-1.334453072962126,-1.6696001960268345,0.37752706604851904,-0.0681283750102829,-0.5150156227039178,1.0819782013339538,-0.4639152846203149,-0.8498752139167336,22.5
-1.334453072962126,-1.6696001960268345,0.37752706604851904,-0.0681283750102829,-0.5150156227039178,1.0819782013339538,2.1555659689428777,-0.8498752139167336,23.0
-0.9883002804861035,1.221107141112177,-0.7390741504653544,-1.2582459259711638,-1.6850180939926767,-0.10862379580321196,2.1555659689428777,0.8935385276592446,33.0
0.39631088941798637,-1.1306547602890527,0.37752706604851904,-1.2582459259711638,-1.3925174761704868,1.0819782013339538,-0.4639152846203149,-0.8498752139167336,25.5
0.39631088941798637,-0.3957291661011684,0.37752706604851904,1.121989175950598,0.7281120030403886,1.0819782013339538,-0.4639152846203149,-0.8498752139167336,22.0
0.39631088941798637,-0.41206084597201026,0.37752706604851904,1.121989175950598,0.7281120030403886,1.0819782013339538,-0.4639152846203149,-0.8498752139167336,20.5
1.7809220593220765,-1.1633181200307363,0.37752706604851904,-1.2582459259711638,-1.2462671672593921,-0.10862379580321196,2.1555659689428777,-0.8498752139167336,25.5
1.7809220593220765,-1.1633181200307363,0.37752706604851904,-0.6631871504907233,-0.880641394981655,-0.10862379580321196,2.1555659689428777,0.8935385276592446,26.5
-1.334453072962126,-1.4409566778350482,-1.5765250628507594,-0.0681283750102829,-0.5150156227039178,1.0819782013339538,-0.4639152846203149,-0.8498752139167336,27.5
-1.334453072962126,-1.4572883577058902,-1.5765250628507594,-0.0681283750102829,-0.5150156227039178,1.0819782013339538,-0.4639152846203149,-0.8498752139167336,25.0
-1.334453072962126,-1.4082933180933646,-1.5765250628507594,1.121989175950598,0.5087365396737464,-1.2992257929403779,-0.4639152846203149,-0.8498752139167336,17.5
-0.9883002804861035,1.204775461241335,-1.5765250628507594,-1.2582459259711638,-1.6850180939926767,-0.10862379580321196,2.1555659689428777,0.8935385276592446,33.0
0.7424636818940088,0.3391964280867159,-1.5765250628507594,-1.2582459259711638,-1.2462671672593921,-0.10862379580321196,2.1555659689428777,0.8935385276592446,28.5
0.7424636818940088,0.3391964280867159,-1.5765250628507594,-1.2582459259711638,-1.2462671672593921,-0.10862379580321196,-0.4639152846203149,0.8935385276592446,29.0
0.7424636818940088,0.3391964280867159,-1.5765250628507594,-1.2582459259711638,-0.9537665494372024,-0.10862379580321196,2.1555659689428777,0.8935385276592446,26.0
0.7424636818940088,0.3391964280867159,-1.5765250628507594,-1.2582459259711638,-0.9537665494372024,-0.10862379580321196,-0.4639152846203149,0.8935385276592446,26.5
0.7424636818940088,0.3391964280867159,-1.5765250628507594,-1.2582459259711638,-1.2462671672593921,-1.2992257929403779,-0.4639152846203149,-0.8498752139167336,21.5
0.7424636818940088,0.3391964280867159,-1.5765250628507594,-1.2582459259711638,-0.9537665494372024,-1.2992257929403779,-0.4639152846203149,0.8935385276592446,25.0
0.7424636818940088,0.35552810795755774,-1.5765250628507594,-1.2582459259711638,-1.2462671672593921,-1.2992257929403779,2.1555659689428777,-0.8498752139167336,20.0
0.7424636818940088,0.35552810795755774,-1.5765250628507594,-1.2582459259711638,-1.2462671672593921,-1.2992257929403779,-0.4639152846203149,-0.8498752139167336,19.5
-1.334453072962126,-1.5389467570600994,-0.7390741504653544,-1.2582459259711638,-1.2462671672593921,1.0819782013339538,-0.4639152846203149,-0.8498752139167336,28.5
-1.334453072962126,-1.5389467570600994,-0.7390741504653544,-1.2582459259711638,-1.2462671672593921,-1.2992257929403779,-0.4639152846203149,-0.8498752139167336,27.0
-1.334453072962126,-1.5226150771892575,-0.7390741504653544,-0.0681283750102829,-0.5150156227039178,1.0819782013339538,-0.4639152846203149,-0.8498752139167336,25.0
-1.334453072962126,-1.5226150771892575,-0.7390741504653544,-0.0681283750102829,-0.5150156227039178,1.0819782013339538,2.1555659689428777,-0.8498752139167336,24.5
-1.334453072962126,-1.5226150771892575,-0.7390741504653544,-0.0681283750102829,-0.5150156227039178,-1.2992257929403779,-0.4639152846203149,-0.8498752139167336,25.5
-1.334453072962126,-1.4899517174475738,-0.7390741504653544,1.121989175950598,0.5087365396737464,-1.2992257929403779,-0.4639152846203149,-0.8498752139167336,17.5
0.39631088941798637,-0.5100509251970615,-0.7390741504653544,-0.0681283750102829,-0.14938985042618066,1.0819782013339538,-0.4639152846203149,-0.8498752139167336,25.0
0.39631088941798637,-0.5100509251970615,-0.7390741504653544,-0.0681283750102829,-0.5150156227039178,1.0819782013339538,-0.4639152846203149,-3.464995826280701,26.5
0.39631088941798637,-0.5100509251970615,-0.7390741504653544,-0.0681283750102829,-0.14938985042618066,-1.2992257929403779,-0.4639152846203149,-0.8498752139167336,23.5
0.39631088941798637,-0.42839252584285215,-0.7390741504653544,1.121989175950598,0.7281120030403886,-1.2992257929403779,-0.4639152846203149,-0.8498752139167336,21.0
0.39631088941798637,-0.3793974862303265,-0.7390741504653544,1.121989175950598,1.313113238684768,1.0819782013339538,-0.4639152846203149,-0.8498752139167336,20.0
-1.334453072962126,-1.5062833973184158,-0.18077354220841768,-0.0681283750102829,-0.5150156227039178,1.0819782013339538,-0.4639152846203149,-0.8498752139167336,23.5
-1.334453072962126,-1.5062833973184158,-0.18077354220841768,-0.0681283750102829,-0.5150156227039178,-1.2992257929403779,-0.4639152846203149,-0.8498752139167336,22.5
-1.334453072962126,-1.4736200375767319,-0.18077354220841768,1.121989175950598,0.5087365396737464,1.0819782013339538,-0.4639152846203149,-0.8498752139167336,18.5
-1.334453072962126,-1.4736200375767319,-0.18077354220841768,1.121989175950598,0.5087365396737464,-1.2992257929403779,-0.4639152846203149,-0.8498752139167336,17.0
-1.334453072962126,-1.326634918739155,-0.18077354220841768,3.5022242778723593,1.6787390109625049,1.0819782013339538,-0.4639152846203149,-0.8498752139167336,16.0
-1.334453072962126,-1.6859318758976762,1.773278586690861,-0.0681283750102829,-0.5150156227039178,1.0819782013339538,-0.4639152846203149,-0.8498752139167336,22.0
-1.334453072962126,-1.6859318758976762,1.773278586690861,-0.0681283750102829,-0.5150156227039178,1.0819782013339538,2.1555659689428777,-0.8498752139167336,21.5
-1.334453072962126,-1.6859318758976762,1.773278586690861,-0.0681283750102829,-0.5150156227039178,-1.2992257929403779,-0.4639152846203149,-0.8498752139167336,21.0
-1.334453072962126,-1.6859318758976762,1.773278586690861,-0.0681283750102829,-0.5150156227039178,-1.2992257929403779,2.1555659689428777,-0.8498752139167336,21.0
0.7424636818940088,0.3718597878283996,1.773278586690861,-1.2582459259711638,-1.2462671672593921,-0.10862379580321196,-0.4639152846203149,0.8935385276592446,28.0
0.7424636818940088,0.3718597878283996,1.773278586690861,-1.2582459259711638,-0.9537665494372024,-0.10862379580321196,-0.4639152846203149,0.8935385276592446,25.0
1.0886164743700313,0.322864748215874,1.773278586690861,-1.2582459259711638,-1.5387677850815817,-0.10862379580321196,-0.4639152846203149,-0.8498752139167336,29.5
1.0886164743700313,0.322864748215874,1.773278586690861,-1.2582459259711638,-1.5387677850815817,-1.2992257929403779,-0.4639152846203149,-0.8498752139167336,27.0
0.39631088941798637,-0.4937192453262196,1.4941282825623925,-0.0681283750102829,-0.14938985042618066,-1.2992257929403779,-0.4639152846203149,-0.8498752139167336,23.0
0.39631088941798637,-0.36306580635948466,1.4941282825623925,1.121989175950598,1.313113238684768,1.0819782013339538,-0.4639152846203149,-0.8498752139167336,19.0
-0.2959946955340586,-0.0854272485551728,0.9358276743054558,1.121989175950598,1.8249893198736,1.0819782013339538,-0.4639152846203149,0.8935385276592446,15.5
-0.2959946955340586,-0.0854272485551728,0.9358276743054558,-0.0681283750102829,-0.0031395415150856807,1.0819782013339538,-0.4639152846203149,0.02183165687125549,20.0
-0.2959946955340586,-0.0854272485551728,0.9358276743054558,-0.0681283750102829,-0.0031395415150856807,1.0819782013339538,-0.4639152846203149,0.02183165687125549,20.0
-0.2959946955340586,-0.0854272485551728,0.9358276743054558,-0.0681283750102829,-0.14938985042618066,1.0819782013339538,-0.4639152846203149,0.8935385276592446,19.0
-0.2959946955340586,-0.0854272485551728,0.9358276743054558,-0.0681283750102829,-0.14938985042618066,1.0819782013339538,-0.4639152846203149,0.8935385276592446,19.0
-0.2959946955340586,-0.0854272485551728,0.9358276743054558,1.121989175950598,0.9474874664070307,1.0819782013339538,-0.4639152846203149,0.02183165687125549,18.0
-0.2959946955340586,-0.0854272485551728,0.9358276743054558,1.121989175950598,0.9474874664070307,1.0819782013339538,-0.4639152846203149,0.02183165687125549,18.0
-0.2959946955340586,-0.06909556868433092,0.9358276743054558,1.121989175950598,1.8249893198736,-1.2992257929403779,-0.4639152846203149,0.8935385276592446,14.0
-0.2959946955340586,-0.0854272485551728,0.9358276743054558,1.121989175950598,1.8249893198736,-1.2992257929403779,-0.4639152846203149,0.8935385276592446,14.0
-0.2959946955340586,-0.0854272485551728,0.9358276743054558,-0.0681283750102829,-0.0031395415150856807,-1.2992257929403779,-0.4639152846203149,0.02183165687125549,18.5
-0.2959946955340586,-0.0854272485551728,0.9358276743054558,-0.0681283750102829,-0.0031395415150856807,-1.2992257929403779,-0.4639152846203149,0.02183165687125549,18.5
-0.2959946955340586,-0.0854272485551728,0.9358276743054558,-0.0681283750102829,-0.14938985042618066,-1.2992257929403779,-0.4639152846203149,0.8935385276592446,18.0
-0.2959946955340586,-0.0854272485551728,0.9358276743054558,-0.0681283750102829,-0.14938985042618066,-1.2992257929403779,-0.4639152846203149,0.8935385276592446,18.0
-0.2959946955340586,-0.0854272485551728,0.9358276743054558,1.121989175950598,0.9474874664070307,-1.2992257929403779,-0.4639152846203149,0.02183165687125549,16.5
-0.2959946955340586,-0.0854272485551728,0.9358276743054558,1.121989175950598,0.9474874664070307,-1.2992257929403779,-0.4639152846203149,0.02183165687125549,16.5
1.0886164743700313,0.7311567449869208,0.6566773701769875,-1.2582459259711638,-0.880641394981655,-0.10862379580321196,-0.4639152846203149,0.8935385276592446,25.5
1.0886164743700313,0.5351765865368183,0.6566773701769875,-0.0681283750102829,-0.14938985042618066,-0.10862379580321196,-0.4639152846203149,0.8935385276592446,20.5
1.0886164743700313,-1.2286448395141039,0.6566773701769875,1.121989175950598,1.386238393140315,1.0819782013339538,-0.4639152846203149,0.02183165687125549,16.0
1.4347692668460539,-1.5552784369309414,0.6566773701769875,-0.0681283750102829,0.21623592185155646,1.0819782013339538,-0.4639152846203149,0.8935385276592446,20.0
-1.334453072962126,1.498745698916489,0.6566773701769875,-0.0681283750102829,-0.5150156227039178,-1.2992257929403779,-0.4639152846203149,-0.8498752139167336,22.0
-1.334453072962126,1.5150773787873306,0.6566773701769875,-0.0681283750102829,-0.5150156227039178,-1.2992257929403779,-0.4639152846203149,-0.8498752139167336,22.5
-1.334453072962126,1.5314090586581726,0.6566773701769875,-0.0681283750102829,-0.5150156227039178,-1.2992257929403779,-0.4639152846203149,-3.464995826280701,22.5
0.39631088941798637,0.6821617053743952,0.6566773701769875,-0.0681283750102829,-0.5150156227039178,-1.2992257929403779,-0.4639152846203149,-3.464995826280701,20.5
0.39631088941798637,0.07788955015324592,0.6566773701769875,-0.0681283750102829,-0.5150156227039178,-1.2992257929403779,-0.4639152846203149,-3.464995826280701,19.0
1.0886164743700313,0.7311567449869208,0.6566773701769875,-1.2582459259711638,-0.880641394981655,-1.2992257929403779,-0.4639152846203149,0.8935385276592446,24.0
1.0886164743700313,0.5351765865368183,0.6566773701769875,-0.0681283750102829,-0.14938985042618066,-1.2992257929403779,-0.4639152846203149,0.8935385276592446,20.5
1.0886164743700313,0.5515082664076603,0.6566773701769875,-0.0681283750102829,-0.14938985042618066,-1.2992257929403779,-0.4639152846203149,-0.8498752139167336,19.5
1.0886164743700313,1.6457308177540657,0.6566773701769875,-0.0681283750102829,0.21623592185155646,-1.2992257929403779,2.1555659689428777,0.8935385276592446,18.0
1.0886164743700313,-1.2286448395141039,0.6566773701769875,1.121989175950598,1.386238393140315,-1.2992257929403779,-0.4639152846203149,0.02183165687125549,15.0
1.4347692668460539,-1.5552784369309414,0.6566773701769875,-0.0681283750102829,0.21623592185155646,-1.2992257929403779,-0.4639152846203149,0.8935385276592446,19.5
1.4347692668460539,-1.5552784369309414,0.6566773701769875,-0.0681283750102829,0.21623592185155646,-1.2992257929403779,-0.4639152846203149,0.8935385276592446,19.5
0.7424636818940088,0.6168349858910277,0.6566773701769875,-1.2582459259711638,-1.2462671672593921,-0.10862379580321196,-0.4639152846203149,0.8935385276592446,27.5
0.7424636818940088,0.6168349858910277,0.6566773701769875,-1.2582459259711638,-1.2462671672593921,-0.10862379580321196,2.1555659689428777,0.8935385276592446,27.0
0.7424636818940088,0.6168349858910277,0.6566773701769875,-1.2582459259711638,-1.2462671672593921,-1.2992257929403779,-0.4639152846203149,0.8935385276592446,25.5
-0.9883002804861035,-0.8693478823555827,-1.5765250628507594,1.121989175950598,1.8249893198736,1.0819782013339538,2.1555659689428777,-0.8498752139167336,16.5
1.4347692668460539,-1.1959814797724202,-0.18077354220841768,-0.0681283750102829,-0.14938985042618066,-0.10862379580321196,-0.4639152846203149,0.8935385276592446,23.5
1.0886164743700313,0.322864748215874,1.773278586690861,-1.2582459259711638,-1.5387677850815817,-0.10862379580321196,2.1555659689428777,-0.8498752139167336,27.5
1.0886164743700313,1.3680922599497538,0.9358276743054558,1.121989175950598,1.386238393140315,1.0819782013339538,-0.4639152846203149,0.02183165687125549,15.5
1.0886164743700313,1.3680922599497538,0.9358276743054558,1.121989175950598,1.386238393140315,-1.2992257929403779,-0.4639152846203149,0.02183165687125549,14.5
1.0886164743700313,0.6658300255035533,-0.45992384633688604,-0.0681283750102829,-0.14938985042618066,-0.10862379580321196,-0.4639152846203149,0.8935385276592446,21.5
-0.9883002804861035,-0.7876894830013733,0.6566773701769875,-0.0681283750102829,-0.5150156227039178,-0.10862379580321196,-0.4639152846203149,0.8935385276592446,20.5
-0.9883002804861035,-0.7876894830013733,0.6566773701769875,-0.0681283750102829,-0.5150156227039178,-1.2992257929403779,-0.4639152846203149,0.8935385276592446,19.0
-1.334453072962126,-1.7185952356393601,-1.5765250628507594,-1.2582459259711638,-1.2462671672593921,1.0819782013339538,-0.4639152846203149,-0.8498752139167336,28.0
-1.334453072962126,-1.7185952356393601,-1.5765250628507594,-1.2582459259711638,-1.2462671672593921,1.0819782013339538,2.1555659689428777,-0.8498752139167336,28.5
-1.334453072962126,-1.6532685161559926,-1.5765250628507594,-0.0681283750102829,-0.5150156227039178,1.0819782013339538,-0.4639152846203149,-0.8498752139167336,27.5
-1.334453072962126,-1.6532685161559926,-1.5765250628507594,-0.0681283750102829,-0.5150156227039178,1.0819782013339538,2.1555659689428777,-0.8498752139167336,24.5
-0.9883002804861035,-0.8693478823555827,-1.5765250628507594,1.121989175950598,1.8249893198736,1.0819782013339538,-0.4639152846203149,0.8935385276592446,15.0
1.4347692668460539,-0.6570360440346383,-1.5765250628507594,-1.2582459259711638,-1.3925174761704868,-0.10862379580321196,-0.4639152846203149,0.8935385276592446,30.0
1.4347692668460539,-0.6570360440346383,-1.5765250628507594,-1.2582459259711638,-1.3925174761704868,-0.10862379580321196,2.1555659689428777,0.8935385276592446,30.0
1.7809220593220765,0.2085429891199809,-1.5765250628507594,-1.2582459259711638,-1.2462671672593921,-1.2992257929403779,2.1555659689428777,-0.8498752139167336,23.0
1.0886164743700313,-0.5917093245512708,1.773278586690861,-1.2582459259711638,-1.3925174761704868,-0.10862379580321196,-0.4639152846203149,0.8935385276592446,28.0
1.0886164743700313,-0.5917093245512708,1.773278586690861,-1.2582459259711638,-1.3925174761704868,-0.10862379580321196,2.1555659689428777,0.8935385276592446,27.0
1.4347692668460539,0.5025132267951347,1.773278586690861,-1.2582459259711638,-1.3925174761704868,-0.10862379580321196,-0.4639152846203149,0.8935385276592446,28.0
1.4347692668460539,0.5025132267951347,1.773278586690861,-1.2582459259711638,-1.3925174761704868,-0.10862379580321196,2.1555659689428777,0.8935385276592446,29.0
1.4347692668460539,0.5025132267951347,1.773278586690861,-1.2582459259711638,-0.9537665494372024,-1.2992257929403779,-0.4639152846203149,0.8935385276592446,23.0
1.4347692668460539,0.5025132267951347,1.773278586690861,-1.2582459259711638,-0.9537665494372024,-0.10862379580321196,2.1555659689428777,0.8935385276592446,24.5
1.4347692668460539,0.5025132267951347,1.773278586690861,-1.2582459259711638,-0.9537665494372024,-0.10862379580321196,-0.4639152846203149,0.8935385276592446,24.5
1.4347692668460539,0.6984933852452371,0.6566773701769875,-1.2582459259711638,-0.880641394981655,-0.10862379580321196,-0.4639152846203149,0.8935385276592446,24.5
1.4347692668460539,0.6984933852452371,0.6566773701769875,-0.0681283750102829,-0.14938985042618066,-0.10862379580321196,-0.4639152846203149,0.8935385276592446,22.5
1.4347692668460539,1.466082339174805,0.6566773701769875,-1.2582459259711638,-0.7343910860705599,-0.10862379580321196,-0.4639152846203149,0.8935385276592446,24.0
1.4347692668460539,1.466082339174805,0.6566773701769875,-0.0681283750102829,-0.14938985042618066,-0.10862379580321196,-0.4639152846203149,0.8935385276592446,22.5
1.4347692668460539,0.6984933852452371,0.6566773701769875,-1.2582459259711638,-0.880641394981655,-1.2992257929403779,-0.4639152846203149,0.8935385276592446,24.0
1.4347692668460539,0.6984933852452371,0.6566773701769875,-0.0681283750102829,-0.14938985042618066,-1.2992257929403779,-0.4639152846203149,0.8935385276592446,22.5
1.4347692668460539,1.466082339174805,0.6566773701769875,-1.2582459259711638,-0.7343910860705599,-1.2992257929403779,-0.4639152846203149,0.8935385276592446,22.5
1.4347692668460539,1.466082339174805,0.6566773701769875,-0.0681283750102829,-0.14938985042618066,-1.2992257929403779,-0.4639152846203149,0.8935385276592446,21.5
0.39631088941798637,0.8781418638244977,-1.2973747587222912,-1.2582459259711638,-1.3925174761704868,1.0819782013339538,-0.4639152846203149,-0.8498752139167336,27.5
0.39631088941798637,0.8781418638244977,-1.2973747587222912,-1.2582459259711638,-1.3925174761704868,1.0819782013339538,2.1555659689428777,-0.8498752139167336,27.0
0.39631088941798637,0.9108052235661814,-1.2973747587222912,1.121989175950598,1.313113238684768,1.0819782013339538,-0.4639152846203149,-0.8498752139167336,23.5
0.39631088941798637,-1.0489963609348432,0.37752706604851904,1.121989175950598,1.8249893198736,1.0819782013339538,-0.4639152846203149,-0.8498752139167336,16.0
0.39631088941798637,-0.46105588558453586,0.37752706604851904,-0.0681283750102829,-0.14938985042618066,-1.2992257929403779,-0.4639152846203149,-0.8498752139167336,23.0
0.39631088941798637,-0.47738756545537775,0.37752706604851904,-0.0681283750102829,-0.14938985042618066,1.0819782013339538,-0.4639152846203149,-1.7215820847047227,23.5
0.39631088941798637,-0.46105588558453586,0.37752706604851904,-0.0681283750102829,-0.14938985042618066,1.0819782013339538,-0.4639152846203149,-1.7215820847047227,24.0
0.39631088941798637,-0.46105588558453586,0.37752706604851904,-0.0681283750102829,-0.14938985042618066,-1.2992257929403779,-0.4639152846203149,-1.7215820847047227,23.0
-0.9883002804861035,1.204775461241335,-1.5765250628507594,-1.2582459259711638,-1.6850180939926767,-0.10862379580321196,-0.4639152846203149,0.8935385276592446,31.5
-0.2959946955340586,-0.0037688492009634376,-1.5765250628507594,-1.2582459259711638,-1.2462671672593921,-0.10862379580321196,2.1555659689428777,0.02183165687125549,30.5
-0.2959946955340586,-0.0037688492009634376,-1.5765250628507594,-1.2582459259711638,-1.2462671672593921,-0.10862379580321196,-0.4639152846203149,0.02183165687125549,32.0
-0.2959946955340586,-0.0037688492009634376,-1.5765250628507594,-1.2582459259711638,-1.2462671672593921,-0.10862379580321196,-0.4639152846203149,0.02183165687125549,33.5
0.39631088941798637,-1.097991400547369,-1.5765250628507594,-0.0681283750102829,-0.14938985042618066,1.0819782013339538,-0.4639152846203149,-1.7215820847047227,23.5
-0.9883002804861035,1.221107141112177,-0.7390741504653544,-1.2582459259711638,-1.6850180939926767,-0.10862379580321196,-0.4639152846203149,0.8935385276592446,31.5
0.39631088941798637,0.453518187182609,0.6566773701769875,1.121989175950598,0.7281120030403886,-1.2992257929403779,-0.4639152846203149,-0.8498752139167336,17.5
0.39631088941798637,0.4698498670534509,0.6566773701769875,1.121989175950598,1.313113238684768,-1.2992257929403779,-0.4639152846203149,-0.8498752139167336,16.0
0.39631088941798637,-1.081659720676527,0.37752706604851904,-0.0681283750102829,-0.14938985042618066,-1.2992257929403779,-0.4639152846203149,-0.8498752139167336,23.0
-1.334453072962126,-1.4246249979642063,-1.5765250628507594,1.121989175950598,0.5087365396737464,-1.2992257929403779,-0.4639152846203149,-0.8498752139167336,17.0
-1.334453072962126,0.4208548274409252,-1.5765250628507594,1.121989175950598,0.5087365396737464,1.0819782013339538,-0.4639152846203149,-0.8498752139167336,17.0
-0.2959946955340586,-0.0037688492009634376,-1.5765250628507594,-1.2582459259711638,-1.2462671672593921,-0.10862379580321196,-0.4639152846203149,0.02183165687125549,31.5
0.39631088941798637,0.4371865073117671,0.6566773701769875,-0.0681283750102829,-0.14938985042618066,-1.2992257929403779,-0.4639152846203149,-1.7215820847047227,20.5
